col1,col2,effective,deleted,modifier_indicator,ref_version
10060,11720,1998-01-01,,1,NCCI-2026Q3
10060,11721,1998-01-01,,1,NCCI-2026Q3
10060,12001,2012-10-01,,1,NCCI-2026Q3
10060,12002,2012-10-01,,1,NCCI-2026Q3
10060,12004,2012-10-01,,1,NCCI-2026Q3
10060,12011,2012-10-01,,1,NCCI-2026Q3
10060,62323,2017-01-01,,0,NCCI-2026Q3
10060,64483,2000-07-01,,0,NCCI-2026Q3
10060,64484,2017-04-01,,0,NCCI-2026Q3
10060,92012,2014-04-01,,1,NCCI-2026Q3
10060,92012,2013-07-01,2013-07-01,9,NCCI-2026Q3
10060,92014,2014-04-01,,1,NCCI-2026Q3
10060,92014,2013-07-01,2013-07-01,9,NCCI-2026Q3
10060,93000,2009-04-01,,1,NCCI-2026Q3
10060,93005,2009-04-01,,1,NCCI-2026Q3
10060,93010,2009-04-01,,1,NCCI-2026Q3
10060,96372,2009-01-01,,1,NCCI-2026Q3
10060,96374,2009-01-01,,1,NCCI-2026Q3
10060,96375,2009-01-01,,1,NCCI-2026Q3
10060,97597,2005-01-01,,1,NCCI-2026Q3
10060,97598,2005-01-01,,1,NCCI-2026Q3
10060,99211,2020-10-01,,1,NCCI-2026Q3
10060,99211,2013-07-01,2019-12-31,1,NCCI-2026Q3
10060,99212,2020-10-01,,1,NCCI-2026Q3
10060,99212,2013-07-01,2019-12-31,1,NCCI-2026Q3
10060,99213,2020-10-01,,1,NCCI-2026Q3
10060,99213,2013-07-01,2019-12-31,1,NCCI-2026Q3
10060,99214,2020-10-01,,1,NCCI-2026Q3
10060,99214,2013-07-01,2019-12-31,1,NCCI-2026Q3
10060,99215,2020-10-01,,1,NCCI-2026Q3
10060,99215,2013-07-01,2019-12-31,1,NCCI-2026Q3
10060,99221,2020-10-01,,1,NCCI-2026Q3
10060,99221,2013-07-01,2019-12-31,1,NCCI-2026Q3
10060,99222,2020-10-01,,1,NCCI-2026Q3
10060,99222,2013-07-01,2019-12-31,1,NCCI-2026Q3
10060,99223,2020-10-01,,1,NCCI-2026Q3
10060,99223,2013-07-01,2019-12-31,1,NCCI-2026Q3
10060,99231,2020-10-01,,1,NCCI-2026Q3
10060,99231,2013-07-01,2019-12-31,1,NCCI-2026Q3
10060,99232,2020-10-01,,1,NCCI-2026Q3
10060,99232,2013-07-01,2019-12-31,1,NCCI-2026Q3
10060,99233,2020-10-01,,1,NCCI-2026Q3
10060,99233,2013-07-01,2019-12-31,1,NCCI-2026Q3
10061,10060,1996-01-01,,1,NCCI-2026Q3
10061,11720,1998-01-01,,1,NCCI-2026Q3
10061,11721,1998-01-01,,1,NCCI-2026Q3
10061,12001,2012-10-01,,1,NCCI-2026Q3
10061,12002,2012-10-01,,1,NCCI-2026Q3
10061,12004,2012-10-01,,1,NCCI-2026Q3
10061,12011,2012-10-01,,1,NCCI-2026Q3
10061,62323,2017-01-01,,0,NCCI-2026Q3
10061,64483,2000-07-01,,0,NCCI-2026Q3
10061,64484,2017-04-01,,0,NCCI-2026Q3
10061,92012,2014-04-01,,1,NCCI-2026Q3
10061,92012,2013-07-01,2013-07-01,9,NCCI-2026Q3
10061,92014,2014-04-01,,1,NCCI-2026Q3
10061,92014,2013-07-01,2013-07-01,9,NCCI-2026Q3
10061,93000,2009-04-01,,1,NCCI-2026Q3
10061,93005,2009-04-01,,1,NCCI-2026Q3
10061,93010,2009-04-01,,1,NCCI-2026Q3
10061,96372,2009-01-01,,1,NCCI-2026Q3
10061,96374,2009-01-01,,1,NCCI-2026Q3
10061,96375,2009-01-01,,1,NCCI-2026Q3
10061,97597,2005-01-01,,1,NCCI-2026Q3
10061,97598,2005-01-01,,1,NCCI-2026Q3
10061,99211,2020-10-01,,1,NCCI-2026Q3
10061,99211,2013-07-01,2019-12-31,1,NCCI-2026Q3
10061,99212,2020-10-01,,1,NCCI-2026Q3
10061,99212,2013-07-01,2019-12-31,1,NCCI-2026Q3
10061,99213,2020-10-01,,1,NCCI-2026Q3
10061,99213,2013-07-01,2019-12-31,1,NCCI-2026Q3
10061,99214,2020-10-01,,1,NCCI-2026Q3
10061,99214,2013-07-01,2019-12-31,1,NCCI-2026Q3
10061,99215,2020-10-01,,1,NCCI-2026Q3
10061,99215,2013-07-01,2019-12-31,1,NCCI-2026Q3
10061,99221,2020-10-01,,1,NCCI-2026Q3
10061,99221,2013-07-01,2019-12-31,1,NCCI-2026Q3
10061,99222,2020-10-01,,1,NCCI-2026Q3
10061,99222,2013-07-01,2019-12-31,1,NCCI-2026Q3
10061,99223,2020-10-01,,1,NCCI-2026Q3
10061,99223,2013-07-01,2019-12-31,1,NCCI-2026Q3
10061,99231,2020-10-01,,1,NCCI-2026Q3
10061,99231,2013-07-01,2019-12-31,1,NCCI-2026Q3
10061,99232,2020-10-01,,1,NCCI-2026Q3
10061,99232,2013-07-01,2019-12-31,1,NCCI-2026Q3
10061,99233,2020-10-01,,1,NCCI-2026Q3
10061,99233,2013-07-01,2019-12-31,1,NCCI-2026Q3
11042,10060,1996-01-01,,1,NCCI-2026Q3
11042,11720,1998-01-01,,1,NCCI-2026Q3
11042,11721,1998-01-01,,1,NCCI-2026Q3
11042,17000,2019-04-01,,1,NCCI-2026Q3
11042,62323,2017-01-01,,0,NCCI-2026Q3
11042,64483,2000-07-01,,0,NCCI-2026Q3
11042,64484,2017-04-01,,0,NCCI-2026Q3
11042,92012,2014-04-01,,1,NCCI-2026Q3
11042,92012,2013-07-01,2013-07-01,9,NCCI-2026Q3
11042,92014,2014-04-01,,1,NCCI-2026Q3
11042,92014,2013-07-01,2013-07-01,9,NCCI-2026Q3
11042,93000,2009-04-01,,1,NCCI-2026Q3
11042,93005,2009-04-01,,1,NCCI-2026Q3
11042,93010,2009-04-01,,1,NCCI-2026Q3
11042,96372,2009-01-01,,1,NCCI-2026Q3
11042,96374,2009-01-01,,1,NCCI-2026Q3
11042,96375,2009-01-01,,1,NCCI-2026Q3
11042,97597,2005-01-01,,1,NCCI-2026Q3
11042,97598,2005-01-01,,1,NCCI-2026Q3
11042,99211,2020-10-01,,1,NCCI-2026Q3
11042,99211,2013-07-01,2019-12-31,1,NCCI-2026Q3
11042,99212,2020-10-01,,1,NCCI-2026Q3
11042,99212,2013-07-01,2019-12-31,1,NCCI-2026Q3
11042,99213,2020-10-01,,1,NCCI-2026Q3
11042,99213,2013-07-01,2019-12-31,1,NCCI-2026Q3
11042,99214,2020-10-01,,1,NCCI-2026Q3
11042,99214,2013-07-01,2019-12-31,1,NCCI-2026Q3
11042,99215,2020-10-01,,1,NCCI-2026Q3
11042,99215,2013-07-01,2019-12-31,1,NCCI-2026Q3
11042,99221,2020-10-01,,1,NCCI-2026Q3
11042,99221,2013-07-01,2019-12-31,1,NCCI-2026Q3
11042,99222,2020-10-01,,1,NCCI-2026Q3
11042,99222,2013-07-01,2019-12-31,1,NCCI-2026Q3
11042,99223,2020-10-01,,1,NCCI-2026Q3
11042,99223,2013-07-01,2019-12-31,1,NCCI-2026Q3
11042,99231,2020-10-01,,1,NCCI-2026Q3
11042,99231,2013-07-01,2019-12-31,1,NCCI-2026Q3
11042,99232,2020-10-01,,1,NCCI-2026Q3
11042,99232,2013-07-01,2019-12-31,1,NCCI-2026Q3
11042,99233,2020-10-01,,1,NCCI-2026Q3
11042,99233,2013-07-01,2019-12-31,1,NCCI-2026Q3
11043,10060,1996-01-01,,1,NCCI-2026Q3
11043,10061,1996-01-01,,1,NCCI-2026Q3
11043,11042,1996-01-01,,1,NCCI-2026Q3
11043,11720,1998-01-01,,1,NCCI-2026Q3
11043,11721,1998-01-01,,1,NCCI-2026Q3
11043,12001,2012-10-01,,1,NCCI-2026Q3
11043,12002,1999-04-01,,1,NCCI-2026Q3
11043,12004,2012-10-01,,1,NCCI-2026Q3
11043,12011,1999-04-01,,1,NCCI-2026Q3
11043,62323,2017-01-01,,0,NCCI-2026Q3
11043,64483,2000-07-01,,0,NCCI-2026Q3
11043,64484,2017-04-01,,0,NCCI-2026Q3
11043,92012,2014-04-01,,1,NCCI-2026Q3
11043,92012,2013-07-01,2013-07-01,9,NCCI-2026Q3
11043,92014,2014-04-01,,1,NCCI-2026Q3
11043,92014,2013-07-01,2013-07-01,9,NCCI-2026Q3
11043,93000,2009-04-01,,1,NCCI-2026Q3
11043,93005,2009-04-01,,1,NCCI-2026Q3
11043,93010,2009-04-01,,1,NCCI-2026Q3
11043,96372,2009-01-01,,1,NCCI-2026Q3
11043,96374,2009-01-01,,1,NCCI-2026Q3
11043,96375,2009-01-01,,1,NCCI-2026Q3
11043,97597,2005-01-01,,1,NCCI-2026Q3
11043,97598,2005-01-01,,1,NCCI-2026Q3
11043,99211,2020-10-01,,1,NCCI-2026Q3
11043,99211,2013-07-01,2019-12-31,1,NCCI-2026Q3
11043,99212,2020-10-01,,1,NCCI-2026Q3
11043,99212,2013-07-01,2019-12-31,1,NCCI-2026Q3
11043,99213,2020-10-01,,1,NCCI-2026Q3
11043,99213,2013-07-01,2019-12-31,1,NCCI-2026Q3
11043,99214,2020-10-01,,1,NCCI-2026Q3
11043,99214,2013-07-01,2019-12-31,1,NCCI-2026Q3
11043,99215,2020-10-01,,1,NCCI-2026Q3
11043,99215,2013-07-01,2019-12-31,1,NCCI-2026Q3
11043,99221,2020-10-01,,1,NCCI-2026Q3
11043,99221,2013-07-01,2019-12-31,1,NCCI-2026Q3
11043,99222,2020-10-01,,1,NCCI-2026Q3
11043,99222,2013-07-01,2019-12-31,1,NCCI-2026Q3
11043,99223,2020-10-01,,1,NCCI-2026Q3
11043,99223,2013-07-01,2019-12-31,1,NCCI-2026Q3
11043,99231,2020-10-01,,1,NCCI-2026Q3
11043,99231,2013-07-01,2019-12-31,1,NCCI-2026Q3
11043,99232,2020-10-01,,1,NCCI-2026Q3
11043,99232,2013-07-01,2019-12-31,1,NCCI-2026Q3
11043,99233,2020-10-01,,1,NCCI-2026Q3
11043,99233,2013-07-01,2019-12-31,1,NCCI-2026Q3
11720,12001,2012-10-01,,1,NCCI-2026Q3
11720,12002,2012-10-01,,1,NCCI-2026Q3
11720,12004,2012-10-01,,1,NCCI-2026Q3
11720,12011,2012-10-01,,1,NCCI-2026Q3
11720,62323,2017-01-01,,0,NCCI-2026Q3
11720,64483,2009-04-01,,0,NCCI-2026Q3
11720,64484,2017-04-01,,0,NCCI-2026Q3
11720,92012,2014-04-01,,1,NCCI-2026Q3
11720,92012,2013-07-01,2013-07-01,9,NCCI-2026Q3
11720,92014,2014-04-01,,1,NCCI-2026Q3
11720,92014,2013-07-01,2013-07-01,9,NCCI-2026Q3
11720,93000,2009-04-01,,1,NCCI-2026Q3
11720,93005,2009-04-01,,1,NCCI-2026Q3
11720,93010,2009-04-01,,1,NCCI-2026Q3
11720,96372,2009-01-01,,1,NCCI-2026Q3
11720,96374,2009-01-01,,1,NCCI-2026Q3
11720,96375,2009-01-01,,1,NCCI-2026Q3
11720,99201,1999-01-01,2005-06-30,1,NCCI-2026Q3
11720,99202,1999-01-01,2005-06-30,1,NCCI-2026Q3
11720,99203,2020-10-01,,1,NCCI-2026Q3
11720,99203,1999-01-01,2019-12-31,1,NCCI-2026Q3
11720,99204,2020-10-01,,1,NCCI-2026Q3
11720,99204,1999-01-01,2019-12-31,1,NCCI-2026Q3
11720,99205,2020-10-01,,1,NCCI-2026Q3
11720,99205,1999-01-01,2019-12-31,1,NCCI-2026Q3
11720,99211,2020-10-01,,1,NCCI-2026Q3
11720,99211,1999-01-01,2019-12-31,1,NCCI-2026Q3
11720,99212,2020-10-01,,1,NCCI-2026Q3
11720,99212,1999-01-01,2019-12-31,1,NCCI-2026Q3
11720,99213,2020-10-01,,1,NCCI-2026Q3
11720,99213,1999-01-01,2019-12-31,1,NCCI-2026Q3
11720,99214,2020-10-01,,1,NCCI-2026Q3
11720,99214,1999-01-01,2019-12-31,1,NCCI-2026Q3
11720,99215,2020-10-01,,1,NCCI-2026Q3
11720,99215,1999-01-01,2019-12-31,1,NCCI-2026Q3
11720,99221,2020-10-01,,1,NCCI-2026Q3
11720,99221,1999-01-01,2019-12-31,1,NCCI-2026Q3
11720,99222,2020-10-01,,1,NCCI-2026Q3
11720,99222,1999-01-01,2019-12-31,1,NCCI-2026Q3
11720,99223,2020-10-01,,1,NCCI-2026Q3
11720,99223,1999-01-01,2019-12-31,1,NCCI-2026Q3
11720,99231,2020-10-01,,1,NCCI-2026Q3
11720,99231,1999-01-01,2019-12-31,1,NCCI-2026Q3
11720,99232,2020-10-01,,1,NCCI-2026Q3
11720,99232,1999-01-01,2019-12-31,1,NCCI-2026Q3
11720,99233,2020-10-01,,1,NCCI-2026Q3
11720,99233,1999-01-01,2019-12-31,1,NCCI-2026Q3
11720,99281,2020-10-01,,1,NCCI-2026Q3
11720,99281,1999-01-01,2019-12-31,1,NCCI-2026Q3
11720,99282,2020-10-01,,1,NCCI-2026Q3
11720,99282,1999-01-01,2019-12-31,1,NCCI-2026Q3
11720,99283,2020-10-01,,1,NCCI-2026Q3
11720,99283,1999-01-01,2019-12-31,1,NCCI-2026Q3
11720,99284,2020-10-01,,1,NCCI-2026Q3
11720,99284,1999-01-01,2019-12-31,1,NCCI-2026Q3
11720,99285,2020-10-01,,1,NCCI-2026Q3
11720,99285,1999-01-01,2019-12-31,1,NCCI-2026Q3
11721,11720,1997-01-01,,0,NCCI-2026Q3
11721,12001,2012-10-01,,1,NCCI-2026Q3
11721,12002,2012-10-01,,1,NCCI-2026Q3
11721,12004,2012-10-01,,1,NCCI-2026Q3
11721,12011,2012-10-01,,1,NCCI-2026Q3
11721,62323,2017-01-01,,0,NCCI-2026Q3
11721,64483,2009-04-01,,0,NCCI-2026Q3
11721,64484,2017-04-01,,0,NCCI-2026Q3
11721,92012,2014-04-01,,1,NCCI-2026Q3
11721,92012,2013-07-01,2013-07-01,9,NCCI-2026Q3
11721,92014,2014-04-01,,1,NCCI-2026Q3
11721,92014,2013-07-01,2013-07-01,9,NCCI-2026Q3
11721,93000,2009-04-01,,1,NCCI-2026Q3
11721,93005,2009-04-01,,1,NCCI-2026Q3
11721,93010,2009-04-01,,1,NCCI-2026Q3
11721,96372,2009-01-01,,1,NCCI-2026Q3
11721,96374,2009-01-01,,1,NCCI-2026Q3
11721,96375,2009-01-01,,1,NCCI-2026Q3
11721,99201,1999-01-01,2005-06-30,1,NCCI-2026Q3
11721,99202,1999-01-01,2005-06-30,1,NCCI-2026Q3
11721,99203,2020-10-01,,1,NCCI-2026Q3
11721,99203,1999-01-01,2019-12-31,1,NCCI-2026Q3
11721,99204,2020-10-01,,1,NCCI-2026Q3
11721,99204,1999-01-01,2019-12-31,1,NCCI-2026Q3
11721,99205,2020-10-01,,1,NCCI-2026Q3
11721,99205,1999-01-01,2019-12-31,1,NCCI-2026Q3
11721,99211,2020-10-01,,1,NCCI-2026Q3
11721,99211,1999-01-01,2019-12-31,1,NCCI-2026Q3
11721,99212,2020-10-01,,1,NCCI-2026Q3
11721,99212,1999-01-01,2019-12-31,1,NCCI-2026Q3
11721,99213,2020-10-01,,1,NCCI-2026Q3
11721,99213,1999-01-01,2019-12-31,1,NCCI-2026Q3
11721,99214,2020-10-01,,1,NCCI-2026Q3
11721,99214,1999-01-01,2019-12-31,1,NCCI-2026Q3
11721,99215,2020-10-01,,1,NCCI-2026Q3
11721,99215,1999-01-01,2019-12-31,1,NCCI-2026Q3
11721,99221,2020-10-01,,1,NCCI-2026Q3
11721,99221,1999-01-01,2019-12-31,1,NCCI-2026Q3
11721,99222,2020-10-01,,1,NCCI-2026Q3
11721,99222,1999-01-01,2019-12-31,1,NCCI-2026Q3
11721,99223,2020-10-01,,1,NCCI-2026Q3
11721,99223,1999-01-01,2019-12-31,1,NCCI-2026Q3
11721,99231,2020-10-01,,1,NCCI-2026Q3
11721,99231,1999-01-01,2019-12-31,1,NCCI-2026Q3
11721,99232,2020-10-01,,1,NCCI-2026Q3
11721,99232,1999-01-01,2019-12-31,1,NCCI-2026Q3
11721,99233,2020-10-01,,1,NCCI-2026Q3
11721,99233,1999-01-01,2019-12-31,1,NCCI-2026Q3
11721,99281,2020-10-01,,1,NCCI-2026Q3
11721,99281,1999-01-01,2019-12-31,1,NCCI-2026Q3
11721,99282,2020-10-01,,1,NCCI-2026Q3
11721,99282,1999-01-01,2019-12-31,1,NCCI-2026Q3
11721,99283,2020-10-01,,1,NCCI-2026Q3
11721,99283,1999-01-01,2019-12-31,1,NCCI-2026Q3
11721,99284,2020-10-01,,1,NCCI-2026Q3
11721,99284,1999-01-01,2019-12-31,1,NCCI-2026Q3
11721,99285,2020-10-01,,1,NCCI-2026Q3
11721,99285,1999-01-01,2019-12-31,1,NCCI-2026Q3
12001,11042,1999-04-01,,1,NCCI-2026Q3
12001,12011,1996-01-01,2019-12-31,1,NCCI-2026Q3
12001,64483,2009-04-01,,0,NCCI-2026Q3
12001,64484,2017-04-01,,0,NCCI-2026Q3
12001,92012,2014-04-01,,1,NCCI-2026Q3
12001,92012,2013-07-01,2013-07-01,9,NCCI-2026Q3
12001,92014,2014-04-01,,1,NCCI-2026Q3
12001,92014,2013-07-01,2013-07-01,9,NCCI-2026Q3
12001,93000,2009-04-01,,1,NCCI-2026Q3
12001,93005,2009-04-01,,1,NCCI-2026Q3
12001,93010,2009-04-01,,1,NCCI-2026Q3
12001,96372,2009-01-01,,1,NCCI-2026Q3
12001,96374,2009-01-01,,1,NCCI-2026Q3
12001,96375,2009-01-01,,1,NCCI-2026Q3
12001,97597,2005-01-01,,1,NCCI-2026Q3
12001,97598,2005-01-01,,1,NCCI-2026Q3
12001,99211,2020-10-01,,1,NCCI-2026Q3
12001,99211,2013-07-01,2019-12-31,1,NCCI-2026Q3
12001,99212,2020-10-01,,1,NCCI-2026Q3
12001,99212,2013-07-01,2019-12-31,1,NCCI-2026Q3
12001,99213,2020-10-01,,1,NCCI-2026Q3
12001,99213,2013-07-01,2019-12-31,1,NCCI-2026Q3
12001,99214,2020-10-01,,1,NCCI-2026Q3
12001,99214,2013-07-01,2019-12-31,1,NCCI-2026Q3
12001,99215,2020-10-01,,1,NCCI-2026Q3
12001,99215,2013-07-01,2019-12-31,1,NCCI-2026Q3
12001,99221,2020-10-01,,1,NCCI-2026Q3
12001,99221,2013-07-01,2019-12-31,1,NCCI-2026Q3
12001,99222,2020-10-01,,1,NCCI-2026Q3
12001,99222,2013-07-01,2019-12-31,1,NCCI-2026Q3
12001,99223,2020-10-01,,1,NCCI-2026Q3
12001,99223,2013-07-01,2019-12-31,1,NCCI-2026Q3
12001,99231,2020-10-01,,1,NCCI-2026Q3
12001,99231,2013-07-01,2019-12-31,1,NCCI-2026Q3
12001,99232,2020-10-01,,1,NCCI-2026Q3
12001,99232,2013-07-01,2019-12-31,1,NCCI-2026Q3
12001,99233,2020-10-01,,1,NCCI-2026Q3
12001,99233,2013-07-01,2019-12-31,1,NCCI-2026Q3
12002,11042,1999-04-01,,1,NCCI-2026Q3
12002,12001,1996-01-01,,0,NCCI-2026Q3
12002,64483,2009-04-01,,0,NCCI-2026Q3
12002,64484,2017-04-01,,0,NCCI-2026Q3
12002,92012,2014-04-01,,1,NCCI-2026Q3
12002,92012,2013-07-01,2013-07-01,9,NCCI-2026Q3
12002,92014,2014-04-01,,1,NCCI-2026Q3
12002,92014,2013-07-01,2013-07-01,9,NCCI-2026Q3
12002,93000,2009-04-01,,1,NCCI-2026Q3
12002,93005,2009-04-01,,1,NCCI-2026Q3
12002,93010,2009-04-01,,1,NCCI-2026Q3
12002,96372,2009-01-01,,1,NCCI-2026Q3
12002,96374,2009-01-01,,1,NCCI-2026Q3
12002,96375,2009-01-01,,1,NCCI-2026Q3
12002,97597,2005-01-01,,1,NCCI-2026Q3
12002,97598,2005-01-01,,1,NCCI-2026Q3
12002,99211,2020-10-01,,1,NCCI-2026Q3
12002,99211,2013-07-01,2019-12-31,1,NCCI-2026Q3
12002,99212,2020-10-01,,1,NCCI-2026Q3
12002,99212,2013-07-01,2019-12-31,1,NCCI-2026Q3
12002,99213,2020-10-01,,1,NCCI-2026Q3
12002,99213,2013-07-01,2019-12-31,1,NCCI-2026Q3
12002,99214,2020-10-01,,1,NCCI-2026Q3
12002,99214,2013-07-01,2019-12-31,1,NCCI-2026Q3
12002,99215,2020-10-01,,1,NCCI-2026Q3
12002,99215,2013-07-01,2019-12-31,1,NCCI-2026Q3
12002,99221,2020-10-01,,1,NCCI-2026Q3
12002,99221,2013-07-01,2019-12-31,1,NCCI-2026Q3
12002,99222,2020-10-01,,1,NCCI-2026Q3
12002,99222,2013-07-01,2019-12-31,1,NCCI-2026Q3
12002,99223,2020-10-01,,1,NCCI-2026Q3
12002,99223,2013-07-01,2019-12-31,1,NCCI-2026Q3
12002,99231,2020-10-01,,1,NCCI-2026Q3
12002,99231,2013-07-01,2019-12-31,1,NCCI-2026Q3
12002,99232,2020-10-01,,1,NCCI-2026Q3
12002,99232,2013-07-01,2019-12-31,1,NCCI-2026Q3
12002,99233,2020-10-01,,1,NCCI-2026Q3
12002,99233,2013-07-01,2019-12-31,1,NCCI-2026Q3
12004,11042,1999-04-01,,1,NCCI-2026Q3
12004,12001,1996-01-01,,0,NCCI-2026Q3
12004,12002,1996-01-01,,0,NCCI-2026Q3
12004,64483,2009-04-01,,0,NCCI-2026Q3
12004,64484,2017-04-01,,0,NCCI-2026Q3
12004,92012,2014-04-01,,1,NCCI-2026Q3
12004,92012,2013-07-01,2013-07-01,9,NCCI-2026Q3
12004,92014,2014-04-01,,1,NCCI-2026Q3
12004,92014,2013-07-01,2013-07-01,9,NCCI-2026Q3
12004,93000,2009-04-01,,1,NCCI-2026Q3
12004,93005,2009-04-01,,1,NCCI-2026Q3
12004,93010,2009-04-01,,1,NCCI-2026Q3
12004,96372,2009-01-01,,1,NCCI-2026Q3
12004,96374,2009-01-01,,1,NCCI-2026Q3
12004,96375,2009-01-01,,1,NCCI-2026Q3
12004,97597,2005-01-01,,1,NCCI-2026Q3
12004,97598,2005-01-01,,1,NCCI-2026Q3
12004,99211,2020-10-01,,1,NCCI-2026Q3
12004,99211,2013-07-01,2019-12-31,1,NCCI-2026Q3
12004,99212,2020-10-01,,1,NCCI-2026Q3
12004,99212,2013-07-01,2019-12-31,1,NCCI-2026Q3
12004,99213,2020-10-01,,1,NCCI-2026Q3
12004,99213,2013-07-01,2019-12-31,1,NCCI-2026Q3
12004,99214,2020-10-01,,1,NCCI-2026Q3
12004,99214,2013-07-01,2019-12-31,1,NCCI-2026Q3
12004,99215,2020-10-01,,1,NCCI-2026Q3
12004,99215,2013-07-01,2019-12-31,1,NCCI-2026Q3
12004,99221,2020-10-01,,1,NCCI-2026Q3
12004,99221,2013-07-01,2019-12-31,1,NCCI-2026Q3
12004,99222,2020-10-01,,1,NCCI-2026Q3
12004,99222,2013-07-01,2019-12-31,1,NCCI-2026Q3
12004,99223,2020-10-01,,1,NCCI-2026Q3
12004,99223,2013-07-01,2019-12-31,1,NCCI-2026Q3
12004,99231,2020-10-01,,1,NCCI-2026Q3
12004,99231,2013-07-01,2019-12-31,1,NCCI-2026Q3
12004,99232,2020-10-01,,1,NCCI-2026Q3
12004,99232,2013-07-01,2019-12-31,1,NCCI-2026Q3
12004,99233,2020-10-01,,1,NCCI-2026Q3
12004,99233,2013-07-01,2019-12-31,1,NCCI-2026Q3
12011,11042,1999-04-01,,1,NCCI-2026Q3
12011,12001,2020-01-01,,1,NCCI-2026Q3
12011,64483,2009-04-01,,0,NCCI-2026Q3
12011,64484,2017-04-01,,0,NCCI-2026Q3
12011,92012,2014-04-01,,1,NCCI-2026Q3
12011,92012,2013-07-01,2013-07-01,9,NCCI-2026Q3
12011,92014,2014-04-01,,1,NCCI-2026Q3
12011,92014,2013-07-01,2013-07-01,9,NCCI-2026Q3
12011,93000,2009-04-01,,1,NCCI-2026Q3
12011,93005,2009-04-01,,1,NCCI-2026Q3
12011,93010,2009-04-01,,1,NCCI-2026Q3
12011,96372,2009-01-01,,1,NCCI-2026Q3
12011,96374,2009-01-01,,1,NCCI-2026Q3
12011,96375,2009-01-01,,1,NCCI-2026Q3
12011,97597,2005-01-01,,1,NCCI-2026Q3
12011,97598,2005-01-01,,1,NCCI-2026Q3
12011,99211,2020-10-01,,1,NCCI-2026Q3
12011,99211,2013-07-01,2019-12-31,1,NCCI-2026Q3
12011,99212,2020-10-01,,1,NCCI-2026Q3
12011,99212,2013-07-01,2019-12-31,1,NCCI-2026Q3
12011,99213,2020-10-01,,1,NCCI-2026Q3
12011,99213,2013-07-01,2019-12-31,1,NCCI-2026Q3
12011,99214,2020-10-01,,1,NCCI-2026Q3
12011,99214,2013-07-01,2019-12-31,1,NCCI-2026Q3
12011,99215,2020-10-01,,1,NCCI-2026Q3
12011,99215,2013-07-01,2019-12-31,1,NCCI-2026Q3
12011,99221,2020-10-01,,1,NCCI-2026Q3
12011,99221,2013-07-01,2019-12-31,1,NCCI-2026Q3
12011,99222,2020-10-01,,1,NCCI-2026Q3
12011,99222,2013-07-01,2019-12-31,1,NCCI-2026Q3
12011,99223,2020-10-01,,1,NCCI-2026Q3
12011,99223,2013-07-01,2019-12-31,1,NCCI-2026Q3
12011,99231,2020-10-01,,1,NCCI-2026Q3
12011,99231,2013-07-01,2019-12-31,1,NCCI-2026Q3
12011,99232,2020-10-01,,1,NCCI-2026Q3
12011,99232,2013-07-01,2019-12-31,1,NCCI-2026Q3
12011,99233,2020-10-01,,1,NCCI-2026Q3
12011,99233,2013-07-01,2019-12-31,1,NCCI-2026Q3
17000,11042,1998-04-01,2019-03-31,1,NCCI-2026Q3
17000,12001,2012-10-01,,1,NCCI-2026Q3
17000,12002,2012-10-01,,1,NCCI-2026Q3
17000,12004,2012-10-01,,1,NCCI-2026Q3
17000,12011,2012-10-01,,1,NCCI-2026Q3
17000,62323,2017-01-01,,0,NCCI-2026Q3
17000,64483,2009-04-01,,0,NCCI-2026Q3
17000,64484,2017-04-01,,0,NCCI-2026Q3
17000,92012,2014-04-01,,1,NCCI-2026Q3
17000,92012,2013-07-01,2013-07-01,9,NCCI-2026Q3
17000,92014,2014-04-01,,1,NCCI-2026Q3
17000,92014,2013-07-01,2013-07-01,9,NCCI-2026Q3
17000,93000,2009-04-01,,1,NCCI-2026Q3
17000,93005,2009-04-01,,1,NCCI-2026Q3
17000,93010,2009-04-01,,1,NCCI-2026Q3
17000,96372,2009-01-01,,1,NCCI-2026Q3
17000,96374,2009-01-01,,1,NCCI-2026Q3
17000,96375,2009-01-01,,1,NCCI-2026Q3
17000,97597,2005-01-01,,1,NCCI-2026Q3
17000,97598,2005-01-01,,1,NCCI-2026Q3
17000,99211,2020-10-01,,1,NCCI-2026Q3
17000,99211,2013-07-01,2019-12-31,1,NCCI-2026Q3
17000,99212,2020-10-01,,1,NCCI-2026Q3
17000,99212,2013-07-01,2019-12-31,1,NCCI-2026Q3
17000,99213,2020-10-01,,1,NCCI-2026Q3
17000,99213,2013-07-01,2019-12-31,1,NCCI-2026Q3
17000,99214,2020-10-01,,1,NCCI-2026Q3
17000,99214,2013-07-01,2019-12-31,1,NCCI-2026Q3
17000,99215,2020-10-01,,1,NCCI-2026Q3
17000,99215,2013-07-01,2019-12-31,1,NCCI-2026Q3
17000,99221,2020-10-01,,1,NCCI-2026Q3
17000,99221,2013-07-01,2019-12-31,1,NCCI-2026Q3
17000,99222,2020-10-01,,1,NCCI-2026Q3
17000,99222,2013-07-01,2019-12-31,1,NCCI-2026Q3
17000,99223,2020-10-01,,1,NCCI-2026Q3
17000,99223,2013-07-01,2019-12-31,1,NCCI-2026Q3
17000,99231,2020-10-01,,1,NCCI-2026Q3
17000,99231,2013-07-01,2019-12-31,1,NCCI-2026Q3
17000,99232,2020-10-01,,1,NCCI-2026Q3
17000,99232,2013-07-01,2019-12-31,1,NCCI-2026Q3
17000,99233,2020-10-01,,1,NCCI-2026Q3
17000,99233,2013-07-01,2019-12-31,1,NCCI-2026Q3
17004,11042,1998-04-01,,1,NCCI-2026Q3
17004,12001,2012-10-01,,1,NCCI-2026Q3
17004,12002,2012-10-01,,1,NCCI-2026Q3
17004,12004,2012-10-01,,1,NCCI-2026Q3
17004,12011,2012-10-01,,1,NCCI-2026Q3
17004,17000,1998-04-01,,0,NCCI-2026Q3
17004,17003,1998-04-01,,0,NCCI-2026Q3
17004,62323,2017-01-01,,0,NCCI-2026Q3
17004,64483,2009-04-01,,0,NCCI-2026Q3
17004,64484,2017-04-01,,0,NCCI-2026Q3
17004,92012,2014-04-01,,1,NCCI-2026Q3
17004,92012,2013-07-01,2013-07-01,9,NCCI-2026Q3
17004,92014,2014-04-01,,1,NCCI-2026Q3
17004,92014,2013-07-01,2013-07-01,9,NCCI-2026Q3
17004,93000,2009-04-01,,1,NCCI-2026Q3
17004,93005,2009-04-01,,1,NCCI-2026Q3
17004,93010,2009-04-01,,1,NCCI-2026Q3
17004,96372,2009-01-01,,1,NCCI-2026Q3
17004,96374,2009-01-01,,1,NCCI-2026Q3
17004,96375,2009-01-01,,1,NCCI-2026Q3
17004,97597,2005-01-01,,1,NCCI-2026Q3
17004,97598,2005-01-01,,1,NCCI-2026Q3
17004,99211,2020-10-01,,1,NCCI-2026Q3
17004,99211,2013-07-01,2019-12-31,1,NCCI-2026Q3
17004,99212,2020-10-01,,1,NCCI-2026Q3
17004,99212,2013-07-01,2019-12-31,1,NCCI-2026Q3
17004,99213,2020-10-01,,1,NCCI-2026Q3
17004,99213,2013-07-01,2019-12-31,1,NCCI-2026Q3
17004,99214,2020-10-01,,1,NCCI-2026Q3
17004,99214,2013-07-01,2019-12-31,1,NCCI-2026Q3
17004,99215,2020-10-01,,1,NCCI-2026Q3
17004,99215,2013-07-01,2019-12-31,1,NCCI-2026Q3
17004,99221,2020-10-01,,1,NCCI-2026Q3
17004,99221,2013-07-01,2019-12-31,1,NCCI-2026Q3
17004,99222,2020-10-01,,1,NCCI-2026Q3
17004,99222,2013-07-01,2019-12-31,1,NCCI-2026Q3
17004,99223,2020-10-01,,1,NCCI-2026Q3
17004,99223,2013-07-01,2019-12-31,1,NCCI-2026Q3
17004,99231,2020-10-01,,1,NCCI-2026Q3
17004,99231,2013-07-01,2019-12-31,1,NCCI-2026Q3
17004,99232,2020-10-01,,1,NCCI-2026Q3
17004,99232,2013-07-01,2019-12-31,1,NCCI-2026Q3
17004,99233,2020-10-01,,1,NCCI-2026Q3
17004,99233,2013-07-01,2019-12-31,1,NCCI-2026Q3
20610,10060,1996-01-01,,1,NCCI-2026Q3
20610,10061,1996-01-01,,1,NCCI-2026Q3
20610,12001,1999-01-01,,1,NCCI-2026Q3
20610,12002,1999-01-01,,1,NCCI-2026Q3
20610,64484,2017-04-01,,1,NCCI-2026Q3
20610,76942,2015-01-01,,1,NCCI-2026Q3
20610,92012,2014-04-01,,1,NCCI-2026Q3
20610,92012,2013-07-01,2013-07-01,9,NCCI-2026Q3
20610,92014,2014-04-01,,1,NCCI-2026Q3
20610,92014,2013-07-01,2013-07-01,9,NCCI-2026Q3
20610,93000,2009-04-01,,1,NCCI-2026Q3
20610,93005,2009-04-01,,1,NCCI-2026Q3
20610,93010,2009-04-01,,1,NCCI-2026Q3
20610,96372,2009-01-01,,1,NCCI-2026Q3
20610,96374,2009-01-01,,1,NCCI-2026Q3
20610,96375,2009-01-01,,1,NCCI-2026Q3
20610,99211,2020-10-01,,1,NCCI-2026Q3
20610,99211,2013-07-01,2019-12-31,1,NCCI-2026Q3
20610,99212,2020-10-01,,1,NCCI-2026Q3
20610,99212,2013-07-01,2019-12-31,1,NCCI-2026Q3
20610,99213,2020-10-01,,1,NCCI-2026Q3
20610,99213,2013-07-01,2019-12-31,1,NCCI-2026Q3
20610,99214,2020-10-01,,1,NCCI-2026Q3
20610,99214,2013-07-01,2019-12-31,1,NCCI-2026Q3
20610,99215,2020-10-01,,1,NCCI-2026Q3
20610,99215,2013-07-01,2019-12-31,1,NCCI-2026Q3
20610,99221,2020-10-01,,1,NCCI-2026Q3
20610,99221,2013-07-01,2019-12-31,1,NCCI-2026Q3
20610,99222,2020-10-01,,1,NCCI-2026Q3
20610,99222,2013-07-01,2019-12-31,1,NCCI-2026Q3
20610,99223,2020-10-01,,1,NCCI-2026Q3
20610,99223,2013-07-01,2019-12-31,1,NCCI-2026Q3
20610,99231,2020-10-01,,1,NCCI-2026Q3
20610,99231,2013-07-01,2019-12-31,1,NCCI-2026Q3
20610,99232,2020-10-01,,1,NCCI-2026Q3
20610,99232,2013-07-01,2019-12-31,1,NCCI-2026Q3
20610,99233,2020-10-01,,1,NCCI-2026Q3
20610,99233,2013-07-01,2019-12-31,1,NCCI-2026Q3
20611,10060,2015-01-01,,1,NCCI-2026Q3
20611,10061,2015-01-01,,1,NCCI-2026Q3
20611,12001,2015-01-01,,1,NCCI-2026Q3
20611,12002,2015-01-01,,1,NCCI-2026Q3
20611,12004,2015-01-01,,1,NCCI-2026Q3
20611,12011,2015-01-01,,1,NCCI-2026Q3
20611,20610,2015-01-01,,1,NCCI-2026Q3
20611,62323,2017-01-01,,1,NCCI-2026Q3
20611,64483,2015-01-01,,1,NCCI-2026Q3
20611,64484,2017-04-01,,1,NCCI-2026Q3
20611,76942,2015-01-01,,1,NCCI-2026Q3
20611,92012,2015-01-01,,1,NCCI-2026Q3
20611,92014,2015-01-01,,1,NCCI-2026Q3
20611,93000,2015-01-01,,1,NCCI-2026Q3
20611,93005,2015-01-01,,1,NCCI-2026Q3
20611,93010,2015-01-01,,1,NCCI-2026Q3
20611,96372,2015-01-01,,1,NCCI-2026Q3
20611,96374,2015-01-01,,1,NCCI-2026Q3
20611,96375,2015-01-01,,1,NCCI-2026Q3
20611,99211,2020-10-01,,1,NCCI-2026Q3
20611,99211,2015-01-01,2019-12-31,1,NCCI-2026Q3
20611,99212,2020-10-01,,1,NCCI-2026Q3
20611,99212,2015-01-01,2019-12-31,1,NCCI-2026Q3
20611,99213,2020-10-01,,1,NCCI-2026Q3
20611,99213,2015-01-01,2019-12-31,1,NCCI-2026Q3
20611,99214,2020-10-01,,1,NCCI-2026Q3
20611,99214,2015-01-01,2019-12-31,1,NCCI-2026Q3
20611,99215,2020-10-01,,1,NCCI-2026Q3
20611,99215,2015-01-01,2019-12-31,1,NCCI-2026Q3
20611,99221,2020-10-01,,1,NCCI-2026Q3
20611,99221,2015-01-01,2019-12-31,1,NCCI-2026Q3
20611,99222,2020-10-01,,1,NCCI-2026Q3
20611,99222,2015-01-01,2019-12-31,1,NCCI-2026Q3
20611,99223,2020-10-01,,1,NCCI-2026Q3
20611,99223,2015-01-01,2019-12-31,1,NCCI-2026Q3
20611,99231,2020-10-01,,1,NCCI-2026Q3
20611,99231,2015-01-01,2019-12-31,1,NCCI-2026Q3
20611,99232,2020-10-01,,1,NCCI-2026Q3
20611,99232,2015-01-01,2019-12-31,1,NCCI-2026Q3
20611,99233,2020-10-01,,1,NCCI-2026Q3
20611,99233,2015-01-01,2019-12-31,1,NCCI-2026Q3
27447,11042,2016-10-01,,1,NCCI-2026Q3
27447,11043,2016-10-01,,1,NCCI-2026Q3
27447,12001,2012-10-01,,1,NCCI-2026Q3
27447,12002,2012-10-01,,1,NCCI-2026Q3
27447,12004,2012-10-01,,1,NCCI-2026Q3
27447,12011,2012-10-01,,1,NCCI-2026Q3
27447,20610,1996-01-01,,1,NCCI-2026Q3
27447,20611,2015-01-01,,1,NCCI-2026Q3
27447,29875,1999-01-01,,1,NCCI-2026Q3
27447,29876,1996-01-01,,1,NCCI-2026Q3
27447,29880,1996-01-01,,1,NCCI-2026Q3
27447,29881,1996-01-01,,1,NCCI-2026Q3
27447,62323,2017-01-01,,0,NCCI-2026Q3
27447,64483,2009-04-01,,0,NCCI-2026Q3
27447,64484,2017-04-01,,0,NCCI-2026Q3
27447,92012,2014-04-01,,1,NCCI-2026Q3
27447,92012,2013-07-01,2013-07-01,9,NCCI-2026Q3
27447,92014,2014-04-01,,1,NCCI-2026Q3
27447,92014,2013-07-01,2013-07-01,9,NCCI-2026Q3
27447,93000,2009-04-01,,1,NCCI-2026Q3
27447,93005,2009-04-01,,1,NCCI-2026Q3
27447,93010,2009-04-01,,1,NCCI-2026Q3
27447,96372,2009-01-01,,1,NCCI-2026Q3
27447,96374,2009-01-01,,1,NCCI-2026Q3
27447,96375,2009-01-01,,1,NCCI-2026Q3
27447,97597,2016-10-01,,1,NCCI-2026Q3
27447,97598,2016-10-01,,1,NCCI-2026Q3
27447,99211,2020-10-01,,1,NCCI-2026Q3
27447,99211,2013-07-01,2019-12-31,1,NCCI-2026Q3
27447,99212,2020-10-01,,1,NCCI-2026Q3
27447,99212,2013-07-01,2019-12-31,1,NCCI-2026Q3
27447,99213,2020-10-01,,1,NCCI-2026Q3
27447,99213,2013-07-01,2019-12-31,1,NCCI-2026Q3
27447,99214,2020-10-01,,1,NCCI-2026Q3
27447,99214,2013-07-01,2019-12-31,1,NCCI-2026Q3
27447,99215,2020-10-01,,1,NCCI-2026Q3
27447,99215,2013-07-01,2019-12-31,1,NCCI-2026Q3
27447,99221,2020-10-01,,1,NCCI-2026Q3
27447,99221,2013-07-01,2019-12-31,1,NCCI-2026Q3
27447,99222,2020-10-01,,1,NCCI-2026Q3
27447,99222,2013-07-01,2019-12-31,1,NCCI-2026Q3
27447,99223,2020-10-01,,1,NCCI-2026Q3
27447,99223,2013-07-01,2019-12-31,1,NCCI-2026Q3
27447,99231,2020-10-01,,1,NCCI-2026Q3
27447,99231,2013-07-01,2019-12-31,1,NCCI-2026Q3
27447,99232,2020-10-01,,1,NCCI-2026Q3
27447,99232,2013-07-01,2019-12-31,1,NCCI-2026Q3
27447,99233,2020-10-01,,1,NCCI-2026Q3
27447,99233,2013-07-01,2019-12-31,1,NCCI-2026Q3
29875,11042,2016-10-01,,1,NCCI-2026Q3
29875,11043,2016-10-01,,1,NCCI-2026Q3
29875,12001,2012-10-01,,1,NCCI-2026Q3
29875,12002,2012-10-01,,1,NCCI-2026Q3
29875,12004,2012-10-01,,1,NCCI-2026Q3
29875,12011,2012-10-01,,1,NCCI-2026Q3
29875,20610,1996-01-01,,1,NCCI-2026Q3
29875,20611,2015-01-01,,1,NCCI-2026Q3
29875,62323,2017-01-01,,0,NCCI-2026Q3
29875,64483,2009-04-01,,0,NCCI-2026Q3
29875,64484,2017-04-01,,0,NCCI-2026Q3
29875,92012,2014-04-01,,1,NCCI-2026Q3
29875,92012,2013-07-01,2013-07-01,9,NCCI-2026Q3
29875,92014,2014-04-01,,1,NCCI-2026Q3
29875,92014,2013-07-01,2013-07-01,9,NCCI-2026Q3
29875,93000,2009-04-01,,1,NCCI-2026Q3
29875,93005,2009-04-01,,1,NCCI-2026Q3
29875,93010,2009-04-01,,1,NCCI-2026Q3
29875,96372,2009-01-01,,1,NCCI-2026Q3
29875,96374,2009-01-01,,1,NCCI-2026Q3
29875,96375,2009-01-01,,1,NCCI-2026Q3
29875,97597,2016-10-01,,1,NCCI-2026Q3
29875,97598,2016-10-01,,1,NCCI-2026Q3
29875,99211,2020-10-01,,1,NCCI-2026Q3
29875,99211,2013-07-01,2019-12-31,1,NCCI-2026Q3
29875,99212,2020-10-01,,1,NCCI-2026Q3
29875,99212,2013-07-01,2019-12-31,1,NCCI-2026Q3
29875,99213,2020-10-01,,1,NCCI-2026Q3
29875,99213,2013-07-01,2019-12-31,1,NCCI-2026Q3
29875,99214,2020-10-01,,1,NCCI-2026Q3
29875,99214,2013-07-01,2019-12-31,1,NCCI-2026Q3
29875,99215,2020-10-01,,1,NCCI-2026Q3
29875,99215,2013-07-01,2019-12-31,1,NCCI-2026Q3
29875,99221,2020-10-01,,1,NCCI-2026Q3
29875,99221,2013-07-01,2019-12-31,1,NCCI-2026Q3
29875,99222,2020-10-01,,1,NCCI-2026Q3
29875,99222,2013-07-01,2019-12-31,1,NCCI-2026Q3
29875,99223,2020-10-01,,1,NCCI-2026Q3
29875,99223,2013-07-01,2019-12-31,1,NCCI-2026Q3
29875,99231,2020-10-01,,1,NCCI-2026Q3
29875,99231,2013-07-01,2019-12-31,1,NCCI-2026Q3
29875,99232,2020-10-01,,1,NCCI-2026Q3
29875,99232,2013-07-01,2019-12-31,1,NCCI-2026Q3
29875,99233,2020-10-01,,1,NCCI-2026Q3
29875,99233,2013-07-01,2019-12-31,1,NCCI-2026Q3
29876,11042,2016-10-01,,1,NCCI-2026Q3
29876,11043,2016-10-01,,1,NCCI-2026Q3
29876,12001,2012-10-01,,1,NCCI-2026Q3
29876,12002,2012-10-01,,1,NCCI-2026Q3
29876,12004,2012-10-01,,1,NCCI-2026Q3
29876,12011,2012-10-01,,1,NCCI-2026Q3
29876,20610,1996-01-01,,1,NCCI-2026Q3
29876,20611,2015-01-01,,1,NCCI-2026Q3
29876,29875,1996-01-01,,1,NCCI-2026Q3
29876,62323,2017-01-01,,0,NCCI-2026Q3
29876,64483,2009-04-01,,0,NCCI-2026Q3
29876,64484,2017-04-01,,0,NCCI-2026Q3
29876,92012,2014-04-01,,1,NCCI-2026Q3
29876,92012,2013-07-01,2013-07-01,9,NCCI-2026Q3
29876,92014,2014-04-01,,1,NCCI-2026Q3
29876,92014,2013-07-01,2013-07-01,9,NCCI-2026Q3
29876,93000,2009-04-01,,1,NCCI-2026Q3
29876,93005,2009-04-01,,1,NCCI-2026Q3
29876,93010,2009-04-01,,1,NCCI-2026Q3
29876,96372,2009-01-01,,1,NCCI-2026Q3
29876,96374,2009-01-01,,1,NCCI-2026Q3
29876,96375,2009-01-01,,1,NCCI-2026Q3
29876,97597,2016-10-01,,1,NCCI-2026Q3
29876,97598,2016-10-01,,1,NCCI-2026Q3
29876,99211,2020-10-01,,1,NCCI-2026Q3
29876,99211,2013-07-01,2019-12-31,1,NCCI-2026Q3
29876,99212,2020-10-01,,1,NCCI-2026Q3
29876,99212,2013-07-01,2019-12-31,1,NCCI-2026Q3
29876,99213,2020-10-01,,1,NCCI-2026Q3
29876,99213,2013-07-01,2019-12-31,1,NCCI-2026Q3
29876,99214,2020-10-01,,1,NCCI-2026Q3
29876,99214,2013-07-01,2019-12-31,1,NCCI-2026Q3
29876,99215,2020-10-01,,1,NCCI-2026Q3
29876,99215,2013-07-01,2019-12-31,1,NCCI-2026Q3
29876,99221,2020-10-01,,1,NCCI-2026Q3
29876,99221,2013-07-01,2019-12-31,1,NCCI-2026Q3
29876,99222,2020-10-01,,1,NCCI-2026Q3
29876,99222,2013-07-01,2019-12-31,1,NCCI-2026Q3
29876,99223,2020-10-01,,1,NCCI-2026Q3
29876,99223,2013-07-01,2019-12-31,1,NCCI-2026Q3
29876,99231,2020-10-01,,1,NCCI-2026Q3
29876,99231,2013-07-01,2019-12-31,1,NCCI-2026Q3
29876,99232,2020-10-01,,1,NCCI-2026Q3
29876,99232,2013-07-01,2019-12-31,1,NCCI-2026Q3
29876,99233,2020-10-01,,1,NCCI-2026Q3
29876,99233,2013-07-01,2019-12-31,1,NCCI-2026Q3
29880,11042,2016-10-01,,1,NCCI-2026Q3
29880,11043,2016-10-01,,1,NCCI-2026Q3
29880,12001,2012-10-01,,1,NCCI-2026Q3
29880,12002,2012-10-01,,1,NCCI-2026Q3
29880,12004,2012-10-01,,1,NCCI-2026Q3
29880,12011,2012-10-01,,1,NCCI-2026Q3
29880,20610,1996-01-01,,1,NCCI-2026Q3
29880,20611,2015-01-01,,1,NCCI-2026Q3
29880,29875,1996-01-01,,1,NCCI-2026Q3
29880,29876,2006-10-01,,1,NCCI-2026Q3
29880,29881,1996-01-01,,1,NCCI-2026Q3
29880,62323,2017-01-01,,0,NCCI-2026Q3
29880,64483,2009-04-01,,0,NCCI-2026Q3
29880,64484,2017-04-01,,0,NCCI-2026Q3
29880,92012,2014-04-01,,1,NCCI-2026Q3
29880,92012,2013-07-01,2013-07-01,9,NCCI-2026Q3
29880,92014,2014-04-01,,1,NCCI-2026Q3
29880,92014,2013-07-01,2013-07-01,9,NCCI-2026Q3
29880,93000,2009-04-01,,1,NCCI-2026Q3
29880,93005,2009-04-01,,1,NCCI-2026Q3
29880,93010,2009-04-01,,1,NCCI-2026Q3
29880,96372,2009-01-01,,1,NCCI-2026Q3
29880,96374,2009-01-01,,1,NCCI-2026Q3
29880,96375,2009-01-01,,1,NCCI-2026Q3
29880,97597,2016-10-01,,1,NCCI-2026Q3
29880,97598,2016-10-01,,1,NCCI-2026Q3
29880,99211,2020-10-01,,1,NCCI-2026Q3
29880,99211,2013-07-01,2019-12-31,1,NCCI-2026Q3
29880,99212,2020-10-01,,1,NCCI-2026Q3
29880,99212,2013-07-01,2019-12-31,1,NCCI-2026Q3
29880,99213,2020-10-01,,1,NCCI-2026Q3
29880,99213,2013-07-01,2019-12-31,1,NCCI-2026Q3
29880,99214,2020-10-01,,1,NCCI-2026Q3
29880,99214,2013-07-01,2019-12-31,1,NCCI-2026Q3
29880,99215,2020-10-01,,1,NCCI-2026Q3
29880,99215,2013-07-01,2019-12-31,1,NCCI-2026Q3
29880,99221,2020-10-01,,1,NCCI-2026Q3
29880,99221,2013-07-01,2019-12-31,1,NCCI-2026Q3
29880,99222,2020-10-01,,1,NCCI-2026Q3
29880,99222,2013-07-01,2019-12-31,1,NCCI-2026Q3
29880,99223,2020-10-01,,1,NCCI-2026Q3
29880,99223,2013-07-01,2019-12-31,1,NCCI-2026Q3
29880,99231,2020-10-01,,1,NCCI-2026Q3
29880,99231,2013-07-01,2019-12-31,1,NCCI-2026Q3
29880,99232,2020-10-01,,1,NCCI-2026Q3
29880,99232,2013-07-01,2019-12-31,1,NCCI-2026Q3
29880,99233,2020-10-01,,1,NCCI-2026Q3
29880,99233,2013-07-01,2019-12-31,1,NCCI-2026Q3
29881,11042,2016-10-01,,1,NCCI-2026Q3
29881,11043,2016-10-01,,1,NCCI-2026Q3
29881,12001,2012-10-01,,1,NCCI-2026Q3
29881,12002,2012-10-01,,1,NCCI-2026Q3
29881,12004,2012-10-01,,1,NCCI-2026Q3
29881,12011,2012-10-01,,1,NCCI-2026Q3
29881,20610,1996-01-01,,1,NCCI-2026Q3
29881,20611,2015-01-01,,1,NCCI-2026Q3
29881,29875,1996-01-01,,1,NCCI-2026Q3
29881,62323,2017-01-01,,0,NCCI-2026Q3
29881,64483,2009-04-01,,0,NCCI-2026Q3
29881,64484,2017-04-01,,0,NCCI-2026Q3
29881,92012,2014-04-01,,1,NCCI-2026Q3
29881,92012,2013-07-01,2013-07-01,9,NCCI-2026Q3
29881,92014,2014-04-01,,1,NCCI-2026Q3
29881,92014,2013-07-01,2013-07-01,9,NCCI-2026Q3
29881,93000,2009-04-01,,1,NCCI-2026Q3
29881,93005,2009-04-01,,1,NCCI-2026Q3
29881,93010,2009-04-01,,1,NCCI-2026Q3
29881,96372,2009-01-01,,1,NCCI-2026Q3
29881,96374,2009-01-01,,1,NCCI-2026Q3
29881,96375,2009-01-01,,1,NCCI-2026Q3
29881,97597,2016-10-01,,1,NCCI-2026Q3
29881,97598,2016-10-01,,1,NCCI-2026Q3
29881,99211,2020-10-01,,1,NCCI-2026Q3
29881,99211,2013-07-01,2019-12-31,1,NCCI-2026Q3
29881,99212,2020-10-01,,1,NCCI-2026Q3
29881,99212,2013-07-01,2019-12-31,1,NCCI-2026Q3
29881,99213,2020-10-01,,1,NCCI-2026Q3
29881,99213,2013-07-01,2019-12-31,1,NCCI-2026Q3
29881,99214,2020-10-01,,1,NCCI-2026Q3
29881,99214,2013-07-01,2019-12-31,1,NCCI-2026Q3
29881,99215,2020-10-01,,1,NCCI-2026Q3
29881,99215,2013-07-01,2019-12-31,1,NCCI-2026Q3
29881,99221,2020-10-01,,1,NCCI-2026Q3
29881,99221,2013-07-01,2019-12-31,1,NCCI-2026Q3
29881,99222,2020-10-01,,1,NCCI-2026Q3
29881,99222,2013-07-01,2019-12-31,1,NCCI-2026Q3
29881,99223,2020-10-01,,1,NCCI-2026Q3
29881,99223,2013-07-01,2019-12-31,1,NCCI-2026Q3
29881,99231,2020-10-01,,1,NCCI-2026Q3
29881,99231,2013-07-01,2019-12-31,1,NCCI-2026Q3
29881,99232,2020-10-01,,1,NCCI-2026Q3
29881,99232,2013-07-01,2019-12-31,1,NCCI-2026Q3
29881,99233,2020-10-01,,1,NCCI-2026Q3
29881,99233,2013-07-01,2019-12-31,1,NCCI-2026Q3
36415,99211,2020-10-01,,1,NCCI-2026Q3
36415,99211,2014-04-01,2019-12-31,1,NCCI-2026Q3
43235,12001,2012-10-01,,1,NCCI-2026Q3
43235,12002,2012-10-01,,1,NCCI-2026Q3
43235,12004,2012-10-01,,1,NCCI-2026Q3
43235,12011,2012-10-01,,1,NCCI-2026Q3
43235,62323,2017-01-01,,0,NCCI-2026Q3
43235,64483,2009-04-01,,0,NCCI-2026Q3
43235,64484,2017-04-01,,0,NCCI-2026Q3
43235,92012,2014-04-01,,1,NCCI-2026Q3
43235,92012,2013-07-01,2013-07-01,9,NCCI-2026Q3
43235,92014,2014-04-01,,1,NCCI-2026Q3
43235,92014,2013-07-01,2013-07-01,9,NCCI-2026Q3
43235,93000,2008-07-01,,1,NCCI-2026Q3
43235,93005,2008-07-01,,1,NCCI-2026Q3
43235,93010,2008-07-01,,1,NCCI-2026Q3
43235,96372,2009-01-01,,1,NCCI-2026Q3
43235,96374,2009-01-01,,1,NCCI-2026Q3
43235,96375,2009-01-01,,1,NCCI-2026Q3
43235,99211,2020-10-01,,1,NCCI-2026Q3
43235,99211,2013-07-01,2019-12-31,1,NCCI-2026Q3
43235,99212,2020-10-01,,1,NCCI-2026Q3
43235,99212,2013-07-01,2019-12-31,1,NCCI-2026Q3
43235,99213,2020-10-01,,1,NCCI-2026Q3
43235,99213,2013-07-01,2019-12-31,1,NCCI-2026Q3
43235,99214,2020-10-01,,1,NCCI-2026Q3
43235,99214,2013-07-01,2019-12-31,1,NCCI-2026Q3
43235,99215,2020-10-01,,1,NCCI-2026Q3
43235,99215,2013-07-01,2019-12-31,1,NCCI-2026Q3
43235,99221,2020-10-01,,1,NCCI-2026Q3
43235,99221,2013-07-01,2019-12-31,1,NCCI-2026Q3
43235,99222,2020-10-01,,1,NCCI-2026Q3
43235,99222,2013-07-01,2019-12-31,1,NCCI-2026Q3
43235,99223,2020-10-01,,1,NCCI-2026Q3
43235,99223,2013-07-01,2019-12-31,1,NCCI-2026Q3
43235,99231,2020-10-01,,1,NCCI-2026Q3
43235,99231,2013-07-01,2019-12-31,1,NCCI-2026Q3
43235,99232,2020-10-01,,1,NCCI-2026Q3
43235,99232,2013-07-01,2019-12-31,1,NCCI-2026Q3
43235,99233,2020-10-01,,1,NCCI-2026Q3
43235,99233,2013-07-01,2019-12-31,1,NCCI-2026Q3
43239,12001,2012-10-01,,1,NCCI-2026Q3
43239,12002,2012-10-01,,1,NCCI-2026Q3
43239,12004,2012-10-01,,1,NCCI-2026Q3
43239,12011,2012-10-01,,1,NCCI-2026Q3
43239,43235,1996-01-01,,0,NCCI-2026Q3
43239,62323,2017-01-01,,0,NCCI-2026Q3
43239,64483,2009-04-01,,0,NCCI-2026Q3
43239,64484,2017-04-01,,0,NCCI-2026Q3
43239,92012,2014-04-01,,1,NCCI-2026Q3
43239,92012,2013-07-01,2013-07-01,9,NCCI-2026Q3
43239,92014,2014-04-01,,1,NCCI-2026Q3
43239,92014,2013-07-01,2013-07-01,9,NCCI-2026Q3
43239,93000,2008-07-01,,1,NCCI-2026Q3
43239,93005,2008-07-01,,1,NCCI-2026Q3
43239,93010,2008-07-01,,1,NCCI-2026Q3
43239,96372,2009-01-01,,1,NCCI-2026Q3
43239,96374,2009-01-01,,1,NCCI-2026Q3
43239,96375,2009-01-01,,1,NCCI-2026Q3
43239,99211,2020-10-01,,1,NCCI-2026Q3
43239,99211,2013-07-01,2019-12-31,1,NCCI-2026Q3
43239,99212,2020-10-01,,1,NCCI-2026Q3
43239,99212,2013-07-01,2019-12-31,1,NCCI-2026Q3
43239,99213,2020-10-01,,1,NCCI-2026Q3
43239,99213,2013-07-01,2019-12-31,1,NCCI-2026Q3
43239,99214,2020-10-01,,1,NCCI-2026Q3
43239,99214,2013-07-01,2019-12-31,1,NCCI-2026Q3
43239,99215,2020-10-01,,1,NCCI-2026Q3
43239,99215,2013-07-01,2019-12-31,1,NCCI-2026Q3
43239,99221,2020-10-01,,1,NCCI-2026Q3
43239,99221,2013-07-01,2019-12-31,1,NCCI-2026Q3
43239,99222,2020-10-01,,1,NCCI-2026Q3
43239,99222,2013-07-01,2019-12-31,1,NCCI-2026Q3
43239,99223,2020-10-01,,1,NCCI-2026Q3
43239,99223,2013-07-01,2019-12-31,1,NCCI-2026Q3
43239,99231,2020-10-01,,1,NCCI-2026Q3
43239,99231,2013-07-01,2019-12-31,1,NCCI-2026Q3
43239,99232,2020-10-01,,1,NCCI-2026Q3
43239,99232,2013-07-01,2019-12-31,1,NCCI-2026Q3
43239,99233,2020-10-01,,1,NCCI-2026Q3
43239,99233,2013-07-01,2019-12-31,1,NCCI-2026Q3
43249,12001,2012-10-01,,1,NCCI-2026Q3
43249,12002,2012-10-01,,1,NCCI-2026Q3
43249,12004,2012-10-01,,1,NCCI-2026Q3
43249,12011,2012-10-01,,1,NCCI-2026Q3
43249,43235,1997-01-01,,0,NCCI-2026Q3
43249,43239,2018-01-01,2018-01-01,9,NCCI-2026Q3
43249,43239,2018-01-01,,1,NCCI-2026Q3
43249,62323,2017-01-01,,0,NCCI-2026Q3
43249,64483,2009-04-01,,0,NCCI-2026Q3
43249,64484,2017-04-01,,0,NCCI-2026Q3
43249,92012,2014-04-01,,1,NCCI-2026Q3
43249,92012,2013-07-01,2013-07-01,9,NCCI-2026Q3
43249,92014,2014-04-01,,1,NCCI-2026Q3
43249,92014,2013-07-01,2013-07-01,9,NCCI-2026Q3
43249,93000,2008-07-01,,1,NCCI-2026Q3
43249,93005,2008-07-01,,1,NCCI-2026Q3
43249,93010,2008-07-01,,1,NCCI-2026Q3
43249,96372,2009-01-01,,1,NCCI-2026Q3
43249,96374,2009-01-01,,1,NCCI-2026Q3
43249,96375,2009-01-01,,1,NCCI-2026Q3
43249,99211,2020-10-01,,1,NCCI-2026Q3
43249,99211,2013-07-01,2019-12-31,1,NCCI-2026Q3
43249,99212,2020-10-01,,1,NCCI-2026Q3
43249,99212,2013-07-01,2019-12-31,1,NCCI-2026Q3
43249,99213,2020-10-01,,1,NCCI-2026Q3
43249,99213,2013-07-01,2019-12-31,1,NCCI-2026Q3
43249,99214,2020-10-01,,1,NCCI-2026Q3
43249,99214,2013-07-01,2019-12-31,1,NCCI-2026Q3
43249,99215,2020-10-01,,1,NCCI-2026Q3
43249,99215,2013-07-01,2019-12-31,1,NCCI-2026Q3
43249,99221,2020-10-01,,1,NCCI-2026Q3
43249,99221,2013-07-01,2019-12-31,1,NCCI-2026Q3
43249,99222,2020-10-01,,1,NCCI-2026Q3
43249,99222,2013-07-01,2019-12-31,1,NCCI-2026Q3
43249,99223,2020-10-01,,1,NCCI-2026Q3
43249,99223,2013-07-01,2019-12-31,1,NCCI-2026Q3
43249,99231,2020-10-01,,1,NCCI-2026Q3
43249,99231,2013-07-01,2019-12-31,1,NCCI-2026Q3
43249,99232,2020-10-01,,1,NCCI-2026Q3
43249,99232,2013-07-01,2019-12-31,1,NCCI-2026Q3
43249,99233,2020-10-01,,1,NCCI-2026Q3
43249,99233,2013-07-01,2019-12-31,1,NCCI-2026Q3
45378,12001,2012-10-01,,1,NCCI-2026Q3
45378,12002,2012-10-01,,1,NCCI-2026Q3
45378,12004,2012-10-01,,1,NCCI-2026Q3
45378,12011,2012-10-01,,1,NCCI-2026Q3
45378,62323,2017-01-01,,0,NCCI-2026Q3
45378,64483,2009-04-01,,0,NCCI-2026Q3
45378,64484,2017-04-01,,0,NCCI-2026Q3
45378,92012,2014-04-01,,1,NCCI-2026Q3
45378,92012,2013-07-01,2013-07-01,9,NCCI-2026Q3
45378,92014,2014-04-01,,1,NCCI-2026Q3
45378,92014,2013-07-01,2013-07-01,9,NCCI-2026Q3
45378,93000,2008-07-01,,1,NCCI-2026Q3
45378,93005,2008-07-01,,1,NCCI-2026Q3
45378,93010,2008-07-01,,1,NCCI-2026Q3
45378,96372,2009-01-01,,1,NCCI-2026Q3
45378,96374,2009-01-01,,1,NCCI-2026Q3
45378,96375,2009-01-01,,1,NCCI-2026Q3
45378,99211,2020-10-01,,1,NCCI-2026Q3
45378,99211,2013-07-01,2019-12-31,1,NCCI-2026Q3
45378,99212,2020-10-01,,1,NCCI-2026Q3
45378,99212,2013-07-01,2019-12-31,1,NCCI-2026Q3
45378,99213,2020-10-01,,1,NCCI-2026Q3
45378,99213,2013-07-01,2019-12-31,1,NCCI-2026Q3
45378,99214,2020-10-01,,1,NCCI-2026Q3
45378,99214,2013-07-01,2019-12-31,1,NCCI-2026Q3
45378,99215,2020-10-01,,1,NCCI-2026Q3
45378,99215,2013-07-01,2019-12-31,1,NCCI-2026Q3
45378,99221,2020-10-01,,1,NCCI-2026Q3
45378,99221,2013-07-01,2019-12-31,1,NCCI-2026Q3
45378,99222,2020-10-01,,1,NCCI-2026Q3
45378,99222,2013-07-01,2019-12-31,1,NCCI-2026Q3
45378,99223,2020-10-01,,1,NCCI-2026Q3
45378,99223,2013-07-01,2019-12-31,1,NCCI-2026Q3
45378,99231,2020-10-01,,1,NCCI-2026Q3
45378,99231,2013-07-01,2019-12-31,1,NCCI-2026Q3
45378,99232,2020-10-01,,1,NCCI-2026Q3
45378,99232,2013-07-01,2019-12-31,1,NCCI-2026Q3
45378,99233,2020-10-01,,1,NCCI-2026Q3
45378,99233,2013-07-01,2019-12-31,1,NCCI-2026Q3
45380,12001,2012-10-01,,1,NCCI-2026Q3
45380,12002,2012-10-01,,1,NCCI-2026Q3
45380,12004,2012-10-01,,1,NCCI-2026Q3
45380,12011,2012-10-01,,1,NCCI-2026Q3
45380,45378,1996-01-01,,0,NCCI-2026Q3
45380,62323,2017-01-01,,0,NCCI-2026Q3
45380,64483,2009-04-01,,0,NCCI-2026Q3
45380,64484,2017-04-01,,0,NCCI-2026Q3
45380,92012,2014-04-01,,1,NCCI-2026Q3
45380,92012,2013-07-01,2013-07-01,9,NCCI-2026Q3
45380,92014,2014-04-01,,1,NCCI-2026Q3
45380,92014,2013-07-01,2013-07-01,9,NCCI-2026Q3
45380,93000,2008-07-01,,1,NCCI-2026Q3
45380,93005,2008-07-01,,1,NCCI-2026Q3
45380,93010,2008-07-01,,1,NCCI-2026Q3
45380,96372,2009-01-01,,1,NCCI-2026Q3
45380,96374,2009-01-01,,1,NCCI-2026Q3
45380,96375,2009-01-01,,1,NCCI-2026Q3
45380,99211,2020-10-01,,1,NCCI-2026Q3
45380,99211,2013-07-01,2019-12-31,1,NCCI-2026Q3
45380,99212,2020-10-01,,1,NCCI-2026Q3
45380,99212,2013-07-01,2019-12-31,1,NCCI-2026Q3
45380,99213,2020-10-01,,1,NCCI-2026Q3
45380,99213,2013-07-01,2019-12-31,1,NCCI-2026Q3
45380,99214,2020-10-01,,1,NCCI-2026Q3
45380,99214,2013-07-01,2019-12-31,1,NCCI-2026Q3
45380,99215,2020-10-01,,1,NCCI-2026Q3
45380,99215,2013-07-01,2019-12-31,1,NCCI-2026Q3
45380,99221,2020-10-01,,1,NCCI-2026Q3
45380,99221,2013-07-01,2019-12-31,1,NCCI-2026Q3
45380,99222,2020-10-01,,1,NCCI-2026Q3
45380,99222,2013-07-01,2019-12-31,1,NCCI-2026Q3
45380,99223,2020-10-01,,1,NCCI-2026Q3
45380,99223,2013-07-01,2019-12-31,1,NCCI-2026Q3
45380,99231,2020-10-01,,1,NCCI-2026Q3
45380,99231,2013-07-01,2019-12-31,1,NCCI-2026Q3
45380,99232,2020-10-01,,1,NCCI-2026Q3
45380,99232,2013-07-01,2019-12-31,1,NCCI-2026Q3
45380,99233,2020-10-01,,1,NCCI-2026Q3
45380,99233,2013-07-01,2019-12-31,1,NCCI-2026Q3
45381,12001,2012-10-01,,1,NCCI-2026Q3
45381,12002,2012-10-01,,1,NCCI-2026Q3
45381,12004,2012-10-01,,1,NCCI-2026Q3
45381,12011,2012-10-01,,1,NCCI-2026Q3
45381,45378,2003-01-01,,0,NCCI-2026Q3
45381,62323,2017-01-01,,0,NCCI-2026Q3
45381,64483,2009-04-01,,0,NCCI-2026Q3
45381,64484,2017-04-01,,0,NCCI-2026Q3
45381,92012,2014-04-01,,1,NCCI-2026Q3
45381,92012,2013-07-01,2013-07-01,9,NCCI-2026Q3
45381,92014,2014-04-01,,1,NCCI-2026Q3
45381,92014,2013-07-01,2013-07-01,9,NCCI-2026Q3
45381,93000,2008-07-01,,1,NCCI-2026Q3
45381,93005,2008-07-01,,1,NCCI-2026Q3
45381,93010,2008-07-01,,1,NCCI-2026Q3
45381,96372,2009-01-01,,1,NCCI-2026Q3
45381,96374,2009-01-01,,1,NCCI-2026Q3
45381,96375,2009-01-01,,1,NCCI-2026Q3
45381,99211,2020-10-01,,1,NCCI-2026Q3
45381,99211,2013-07-01,2019-12-31,1,NCCI-2026Q3
45381,99212,2020-10-01,,1,NCCI-2026Q3
45381,99212,2013-07-01,2019-12-31,1,NCCI-2026Q3
45381,99213,2020-10-01,,1,NCCI-2026Q3
45381,99213,2013-07-01,2019-12-31,1,NCCI-2026Q3
45381,99214,2020-10-01,,1,NCCI-2026Q3
45381,99214,2013-07-01,2019-12-31,1,NCCI-2026Q3
45381,99215,2020-10-01,,1,NCCI-2026Q3
45381,99215,2013-07-01,2019-12-31,1,NCCI-2026Q3
45381,99221,2020-10-01,,1,NCCI-2026Q3
45381,99221,2013-07-01,2019-12-31,1,NCCI-2026Q3
45381,99222,2020-10-01,,1,NCCI-2026Q3
45381,99222,2013-07-01,2019-12-31,1,NCCI-2026Q3
45381,99223,2020-10-01,,1,NCCI-2026Q3
45381,99223,2013-07-01,2019-12-31,1,NCCI-2026Q3
45381,99231,2020-10-01,,1,NCCI-2026Q3
45381,99231,2013-07-01,2019-12-31,1,NCCI-2026Q3
45381,99232,2020-10-01,,1,NCCI-2026Q3
45381,99232,2013-07-01,2019-12-31,1,NCCI-2026Q3
45381,99233,2020-10-01,,1,NCCI-2026Q3
45381,99233,2013-07-01,2019-12-31,1,NCCI-2026Q3
45384,11042,2016-10-01,,1,NCCI-2026Q3
45384,11043,2016-10-01,,1,NCCI-2026Q3
45384,12001,2012-10-01,,1,NCCI-2026Q3
45384,12002,2012-10-01,,1,NCCI-2026Q3
45384,12004,2012-10-01,,1,NCCI-2026Q3
45384,12011,2012-10-01,,1,NCCI-2026Q3
45384,45378,1997-01-01,,0,NCCI-2026Q3
45384,45380,2002-04-01,,1,NCCI-2026Q3
45384,62323,2017-01-01,,0,NCCI-2026Q3
45384,64483,2009-04-01,,0,NCCI-2026Q3
45384,64484,2017-04-01,,0,NCCI-2026Q3
45384,92012,2014-04-01,,1,NCCI-2026Q3
45384,92012,2013-07-01,2013-07-01,9,NCCI-2026Q3
45384,92014,2014-04-01,,1,NCCI-2026Q3
45384,92014,2013-07-01,2013-07-01,9,NCCI-2026Q3
45384,93000,2008-07-01,,1,NCCI-2026Q3
45384,93005,2008-07-01,,1,NCCI-2026Q3
45384,93010,2008-07-01,,1,NCCI-2026Q3
45384,96372,2009-01-01,,1,NCCI-2026Q3
45384,96374,2009-01-01,,1,NCCI-2026Q3
45384,96375,2009-01-01,,1,NCCI-2026Q3
45384,97597,2016-10-01,,1,NCCI-2026Q3
45384,97598,2016-10-01,,1,NCCI-2026Q3
45384,99211,2020-10-01,,1,NCCI-2026Q3
45384,99211,2013-07-01,2019-12-31,1,NCCI-2026Q3
45384,99212,2020-10-01,,1,NCCI-2026Q3
45384,99212,2013-07-01,2019-12-31,1,NCCI-2026Q3
45384,99213,2020-10-01,,1,NCCI-2026Q3
45384,99213,2013-07-01,2019-12-31,1,NCCI-2026Q3
45384,99214,2020-10-01,,1,NCCI-2026Q3
45384,99214,2013-07-01,2019-12-31,1,NCCI-2026Q3
45384,99215,2020-10-01,,1,NCCI-2026Q3
45384,99215,2013-07-01,2019-12-31,1,NCCI-2026Q3
45384,99221,2020-10-01,,1,NCCI-2026Q3
45384,99221,2013-07-01,2019-12-31,1,NCCI-2026Q3
45384,99222,2020-10-01,,1,NCCI-2026Q3
45384,99222,2013-07-01,2019-12-31,1,NCCI-2026Q3
45384,99223,2020-10-01,,1,NCCI-2026Q3
45384,99223,2013-07-01,2019-12-31,1,NCCI-2026Q3
45384,99231,2020-10-01,,1,NCCI-2026Q3
45384,99231,2013-07-01,2019-12-31,1,NCCI-2026Q3
45384,99232,2020-10-01,,1,NCCI-2026Q3
45384,99232,2013-07-01,2019-12-31,1,NCCI-2026Q3
45384,99233,2020-10-01,,1,NCCI-2026Q3
45384,99233,2013-07-01,2019-12-31,1,NCCI-2026Q3
45385,11042,2016-10-01,,1,NCCI-2026Q3
45385,11043,2016-10-01,,1,NCCI-2026Q3
45385,12001,2012-10-01,,1,NCCI-2026Q3
45385,12002,2012-10-01,,1,NCCI-2026Q3
45385,12004,2012-10-01,,1,NCCI-2026Q3
45385,12011,2012-10-01,,1,NCCI-2026Q3
45385,45378,1996-01-01,,0,NCCI-2026Q3
45385,45380,2002-04-01,,1,NCCI-2026Q3
45385,45384,2004-01-01,,1,NCCI-2026Q3
45385,62323,2017-01-01,,0,NCCI-2026Q3
45385,64483,2009-04-01,,0,NCCI-2026Q3
45385,64484,2017-04-01,,0,NCCI-2026Q3
45385,92012,2014-04-01,,1,NCCI-2026Q3
45385,92012,2013-07-01,2013-07-01,9,NCCI-2026Q3
45385,92014,2014-04-01,,1,NCCI-2026Q3
45385,92014,2013-07-01,2013-07-01,9,NCCI-2026Q3
45385,93000,2008-07-01,,1,NCCI-2026Q3
45385,93005,2008-07-01,,1,NCCI-2026Q3
45385,93010,2008-07-01,,1,NCCI-2026Q3
45385,96372,2009-01-01,,1,NCCI-2026Q3
45385,96374,2009-01-01,,1,NCCI-2026Q3
45385,96375,2009-01-01,,1,NCCI-2026Q3
45385,97597,2016-10-01,,1,NCCI-2026Q3
45385,97598,2016-10-01,,1,NCCI-2026Q3
45385,99211,2020-10-01,,1,NCCI-2026Q3
45385,99211,2013-07-01,2019-12-31,1,NCCI-2026Q3
45385,99212,2020-10-01,,1,NCCI-2026Q3
45385,99212,2013-07-01,2019-12-31,1,NCCI-2026Q3
45385,99213,2020-10-01,,1,NCCI-2026Q3
45385,99213,2013-07-01,2019-12-31,1,NCCI-2026Q3
45385,99214,2020-10-01,,1,NCCI-2026Q3
45385,99214,2013-07-01,2019-12-31,1,NCCI-2026Q3
45385,99215,2020-10-01,,1,NCCI-2026Q3
45385,99215,2013-07-01,2019-12-31,1,NCCI-2026Q3
45385,99221,2020-10-01,,1,NCCI-2026Q3
45385,99221,2013-07-01,2019-12-31,1,NCCI-2026Q3
45385,99222,2020-10-01,,1,NCCI-2026Q3
45385,99222,2013-07-01,2019-12-31,1,NCCI-2026Q3
45385,99223,2020-10-01,,1,NCCI-2026Q3
45385,99223,2013-07-01,2019-12-31,1,NCCI-2026Q3
45385,99231,2020-10-01,,1,NCCI-2026Q3
45385,99231,2013-07-01,2019-12-31,1,NCCI-2026Q3
45385,99232,2020-10-01,,1,NCCI-2026Q3
45385,99232,2013-07-01,2019-12-31,1,NCCI-2026Q3
45385,99233,2020-10-01,,1,NCCI-2026Q3
45385,99233,2013-07-01,2019-12-31,1,NCCI-2026Q3
62323,12001,2017-01-01,,1,NCCI-2026Q3
62323,12002,2017-01-01,,1,NCCI-2026Q3
62323,12004,2017-01-01,,1,NCCI-2026Q3
62323,12011,2017-01-01,,1,NCCI-2026Q3
62323,20610,2017-01-01,,1,NCCI-2026Q3
62323,64483,2017-01-01,,1,NCCI-2026Q3
62323,64484,2017-04-01,,1,NCCI-2026Q3
62323,76942,2017-01-01,,1,NCCI-2026Q3
62323,92012,2017-01-01,,1,NCCI-2026Q3
62323,92014,2017-01-01,,1,NCCI-2026Q3
62323,93000,2017-01-01,,1,NCCI-2026Q3
62323,93005,2017-01-01,,1,NCCI-2026Q3
62323,93010,2017-01-01,,1,NCCI-2026Q3
62323,96372,2017-01-01,,1,NCCI-2026Q3
62323,96374,2017-01-01,,1,NCCI-2026Q3
62323,96375,2017-01-01,,1,NCCI-2026Q3
62323,99211,2020-10-01,,1,NCCI-2026Q3
62323,99211,2017-01-01,2019-12-31,1,NCCI-2026Q3
62323,99212,2020-10-01,,1,NCCI-2026Q3
62323,99212,2017-01-01,2019-12-31,1,NCCI-2026Q3
62323,99213,2020-10-01,,1,NCCI-2026Q3
62323,99213,2017-01-01,2019-12-31,1,NCCI-2026Q3
62323,99214,2020-10-01,,1,NCCI-2026Q3
62323,99214,2017-01-01,2019-12-31,1,NCCI-2026Q3
62323,99215,2020-10-01,,1,NCCI-2026Q3
62323,99215,2017-01-01,2019-12-31,1,NCCI-2026Q3
62323,99221,2020-10-01,,1,NCCI-2026Q3
62323,99221,2017-01-01,2019-12-31,1,NCCI-2026Q3
62323,99222,2020-10-01,,1,NCCI-2026Q3
62323,99222,2017-01-01,2019-12-31,1,NCCI-2026Q3
62323,99223,2020-10-01,,1,NCCI-2026Q3
62323,99223,2017-01-01,2019-12-31,1,NCCI-2026Q3
62323,99231,2020-10-01,,1,NCCI-2026Q3
62323,99231,2017-01-01,2019-12-31,1,NCCI-2026Q3
62323,99232,2020-10-01,,1,NCCI-2026Q3
62323,99232,2017-01-01,2019-12-31,1,NCCI-2026Q3
62323,99233,2020-10-01,,1,NCCI-2026Q3
62323,99233,2017-01-01,2019-12-31,1,NCCI-2026Q3
64483,20610,2001-07-01,,1,NCCI-2026Q3
64483,76942,2010-10-01,,1,NCCI-2026Q3
64483,92012,2014-04-01,,1,NCCI-2026Q3
64483,92012,2013-07-01,2013-07-01,9,NCCI-2026Q3
64483,92014,2014-04-01,,1,NCCI-2026Q3
64483,92014,2013-07-01,2013-07-01,9,NCCI-2026Q3
64483,93000,2003-04-01,,1,NCCI-2026Q3
64483,93005,2003-04-01,,1,NCCI-2026Q3
64483,93010,2003-04-01,,1,NCCI-2026Q3
64483,96372,2009-01-01,,1,NCCI-2026Q3
64483,96374,2009-01-01,,1,NCCI-2026Q3
64483,96375,2009-01-01,,1,NCCI-2026Q3
64483,99211,2020-10-01,,1,NCCI-2026Q3
64483,99211,2013-07-01,2019-12-31,1,NCCI-2026Q3
64483,99212,2020-10-01,,1,NCCI-2026Q3
64483,99212,2013-07-01,2019-12-31,1,NCCI-2026Q3
64483,99213,2020-10-01,,1,NCCI-2026Q3
64483,99213,2013-07-01,2019-12-31,1,NCCI-2026Q3
64483,99214,2020-10-01,,1,NCCI-2026Q3
64483,99214,2013-07-01,2019-12-31,1,NCCI-2026Q3
64483,99215,2020-10-01,,1,NCCI-2026Q3
64483,99215,2013-07-01,2019-12-31,1,NCCI-2026Q3
64483,99221,2020-10-01,,1,NCCI-2026Q3
64483,99221,2013-07-01,2019-12-31,1,NCCI-2026Q3
64483,99222,2020-10-01,,1,NCCI-2026Q3
64483,99222,2013-07-01,2019-12-31,1,NCCI-2026Q3
64483,99223,2020-10-01,,1,NCCI-2026Q3
64483,99223,2013-07-01,2019-12-31,1,NCCI-2026Q3
64483,99231,2020-10-01,,1,NCCI-2026Q3
64483,99231,2013-07-01,2019-12-31,1,NCCI-2026Q3
64483,99232,2020-10-01,,1,NCCI-2026Q3
64483,99232,2013-07-01,2019-12-31,1,NCCI-2026Q3
64483,99233,2020-10-01,,1,NCCI-2026Q3
64483,99233,2013-07-01,2019-12-31,1,NCCI-2026Q3
64484,76942,2010-10-01,,1,NCCI-2026Q3
64484,93000,2003-04-01,,1,NCCI-2026Q3
64484,93005,2003-04-01,,1,NCCI-2026Q3
64484,93010,2003-04-01,,1,NCCI-2026Q3
66982,11042,2016-10-01,,1,NCCI-2026Q3
66982,11043,2016-10-01,,1,NCCI-2026Q3
66982,12001,2012-10-01,,1,NCCI-2026Q3
66982,12002,2012-10-01,,1,NCCI-2026Q3
66982,12004,2012-10-01,,1,NCCI-2026Q3
66982,12011,2012-10-01,,1,NCCI-2026Q3
66982,62323,2017-01-01,,0,NCCI-2026Q3
66982,64483,2009-04-01,,0,NCCI-2026Q3
66982,64484,2017-04-01,,0,NCCI-2026Q3
66982,66984,2001-07-01,,1,NCCI-2026Q3
66982,67028,2015-04-01,,1,NCCI-2026Q3
66982,92012,2014-04-01,,1,NCCI-2026Q3
66982,92012,2013-07-01,2013-07-01,9,NCCI-2026Q3
66982,92014,2014-04-01,,1,NCCI-2026Q3
66982,92014,2013-07-01,2013-07-01,9,NCCI-2026Q3
66982,93000,2009-04-01,,1,NCCI-2026Q3
66982,93005,2009-04-01,,1,NCCI-2026Q3
66982,93010,2009-04-01,,1,NCCI-2026Q3
66982,96372,2009-01-01,,1,NCCI-2026Q3
66982,96374,2009-01-01,,1,NCCI-2026Q3
66982,96375,2009-01-01,,1,NCCI-2026Q3
66982,97597,2016-10-01,,1,NCCI-2026Q3
66982,97598,2016-10-01,,1,NCCI-2026Q3
66982,99211,2020-10-01,,1,NCCI-2026Q3
66982,99211,2013-07-01,2019-12-31,1,NCCI-2026Q3
66982,99212,2020-10-01,,1,NCCI-2026Q3
66982,99212,2013-07-01,2019-12-31,1,NCCI-2026Q3
66982,99213,2020-10-01,,1,NCCI-2026Q3
66982,99213,2013-07-01,2019-12-31,1,NCCI-2026Q3
66982,99214,2020-10-01,,1,NCCI-2026Q3
66982,99214,2013-07-01,2019-12-31,1,NCCI-2026Q3
66982,99215,2020-10-01,,1,NCCI-2026Q3
66982,99215,2013-07-01,2019-12-31,1,NCCI-2026Q3
66982,99221,2020-10-01,,1,NCCI-2026Q3
66982,99221,2013-07-01,2019-12-31,1,NCCI-2026Q3
66982,99222,2020-10-01,,1,NCCI-2026Q3
66982,99222,2013-07-01,2019-12-31,1,NCCI-2026Q3
66982,99223,2020-10-01,,1,NCCI-2026Q3
66982,99223,2013-07-01,2019-12-31,1,NCCI-2026Q3
66982,99231,2020-10-01,,1,NCCI-2026Q3
66982,99231,2013-07-01,2019-12-31,1,NCCI-2026Q3
66982,99232,2020-10-01,,1,NCCI-2026Q3
66982,99232,2013-07-01,2019-12-31,1,NCCI-2026Q3
66982,99233,2020-10-01,,1,NCCI-2026Q3
66982,99233,2013-07-01,2019-12-31,1,NCCI-2026Q3
66984,11042,2016-10-01,,1,NCCI-2026Q3
66984,11043,2016-10-01,,1,NCCI-2026Q3
66984,12001,2012-10-01,,1,NCCI-2026Q3
66984,12002,2012-10-01,,1,NCCI-2026Q3
66984,12004,2012-10-01,,1,NCCI-2026Q3
66984,12011,2012-10-01,,1,NCCI-2026Q3
66984,62323,2017-01-01,,0,NCCI-2026Q3
66984,64483,2009-04-01,,0,NCCI-2026Q3
66984,64484,2017-04-01,,0,NCCI-2026Q3
66984,67028,2015-04-01,,1,NCCI-2026Q3
66984,92012,2014-04-01,,1,NCCI-2026Q3
66984,92012,2013-07-01,2013-07-01,9,NCCI-2026Q3
66984,92014,2014-04-01,,1,NCCI-2026Q3
66984,92014,2013-07-01,2013-07-01,9,NCCI-2026Q3
66984,93000,2009-04-01,,1,NCCI-2026Q3
66984,93005,2009-04-01,,1,NCCI-2026Q3
66984,93010,2009-04-01,,1,NCCI-2026Q3
66984,96372,2009-01-01,,1,NCCI-2026Q3
66984,96374,2009-01-01,,1,NCCI-2026Q3
66984,96375,2009-01-01,,1,NCCI-2026Q3
66984,97597,2016-10-01,,1,NCCI-2026Q3
66984,97598,2016-10-01,,1,NCCI-2026Q3
66984,99211,2020-10-01,,1,NCCI-2026Q3
66984,99211,2013-07-01,2019-12-31,1,NCCI-2026Q3
66984,99212,2020-10-01,,1,NCCI-2026Q3
66984,99212,2013-07-01,2019-12-31,1,NCCI-2026Q3
66984,99213,2020-10-01,,1,NCCI-2026Q3
66984,99213,2013-07-01,2019-12-31,1,NCCI-2026Q3
66984,99214,2020-10-01,,1,NCCI-2026Q3
66984,99214,2013-07-01,2019-12-31,1,NCCI-2026Q3
66984,99215,2020-10-01,,1,NCCI-2026Q3
66984,99215,2013-07-01,2019-12-31,1,NCCI-2026Q3
66984,99221,2020-10-01,,1,NCCI-2026Q3
66984,99221,2013-07-01,2019-12-31,1,NCCI-2026Q3
66984,99222,2020-10-01,,1,NCCI-2026Q3
66984,99222,2013-07-01,2019-12-31,1,NCCI-2026Q3
66984,99223,2020-10-01,,1,NCCI-2026Q3
66984,99223,2013-07-01,2019-12-31,1,NCCI-2026Q3
66984,99231,2020-10-01,,1,NCCI-2026Q3
66984,99231,2013-07-01,2019-12-31,1,NCCI-2026Q3
66984,99232,2020-10-01,,1,NCCI-2026Q3
66984,99232,2013-07-01,2019-12-31,1,NCCI-2026Q3
66984,99233,2020-10-01,,1,NCCI-2026Q3
66984,99233,2013-07-01,2019-12-31,1,NCCI-2026Q3
67028,12001,2012-10-01,,1,NCCI-2026Q3
67028,12002,2012-10-01,,1,NCCI-2026Q3
67028,12004,2012-10-01,,1,NCCI-2026Q3
67028,12011,2012-10-01,,1,NCCI-2026Q3
67028,62323,2017-01-01,,0,NCCI-2026Q3
67028,64483,2009-04-01,,0,NCCI-2026Q3
67028,64484,2017-04-01,,0,NCCI-2026Q3
67028,92012,2013-07-01,2013-07-01,9,NCCI-2026Q3
67028,92014,2013-07-01,2013-07-01,9,NCCI-2026Q3
67028,93000,2009-04-01,,1,NCCI-2026Q3
67028,93005,2009-04-01,,1,NCCI-2026Q3
67028,93010,2009-04-01,,1,NCCI-2026Q3
67028,96372,2009-01-01,,1,NCCI-2026Q3
67028,96374,2009-01-01,,1,NCCI-2026Q3
67028,96375,2009-01-01,,1,NCCI-2026Q3
67028,99211,2020-10-01,,1,NCCI-2026Q3
67028,99211,2013-07-01,2019-12-31,1,NCCI-2026Q3
67028,99212,2020-10-01,,1,NCCI-2026Q3
67028,99212,2013-07-01,2019-12-31,1,NCCI-2026Q3
67028,99213,2020-10-01,,1,NCCI-2026Q3
67028,99213,2013-07-01,2019-12-31,1,NCCI-2026Q3
67028,99214,2020-10-01,,1,NCCI-2026Q3
67028,99214,2013-07-01,2019-12-31,1,NCCI-2026Q3
67028,99215,2020-10-01,,1,NCCI-2026Q3
67028,99215,2013-07-01,2019-12-31,1,NCCI-2026Q3
67028,99221,2020-10-01,,1,NCCI-2026Q3
67028,99221,2013-07-01,2019-12-31,1,NCCI-2026Q3
67028,99222,2020-10-01,,1,NCCI-2026Q3
67028,99222,2013-07-01,2019-12-31,1,NCCI-2026Q3
67028,99223,2020-10-01,,1,NCCI-2026Q3
67028,99223,2013-07-01,2019-12-31,1,NCCI-2026Q3
67028,99231,2020-10-01,,1,NCCI-2026Q3
67028,99231,2013-07-01,2019-12-31,1,NCCI-2026Q3
67028,99232,2020-10-01,,1,NCCI-2026Q3
67028,99232,2013-07-01,2019-12-31,1,NCCI-2026Q3
67028,99233,2020-10-01,,1,NCCI-2026Q3
67028,99233,2013-07-01,2019-12-31,1,NCCI-2026Q3
70450,99201,2000-10-30,2000-10-30,9,NCCI-2026Q3
70450,99202,2000-10-30,2000-10-30,9,NCCI-2026Q3
70450,99203,2000-10-30,2000-10-30,9,NCCI-2026Q3
70450,99204,2000-10-30,2000-10-30,9,NCCI-2026Q3
70450,99205,2000-10-30,2000-10-30,9,NCCI-2026Q3
70450,99211,2000-10-30,2000-10-30,9,NCCI-2026Q3
70450,99212,2000-10-30,2000-10-30,9,NCCI-2026Q3
70450,99213,2000-10-30,2000-10-30,9,NCCI-2026Q3
70450,99214,2000-10-30,2000-10-30,9,NCCI-2026Q3
70450,99215,2000-10-30,2000-10-30,9,NCCI-2026Q3
70450,99221,2000-10-30,2000-10-30,9,NCCI-2026Q3
70450,99222,2000-10-30,2000-10-30,9,NCCI-2026Q3
70450,99223,2000-10-30,2000-10-30,9,NCCI-2026Q3
70450,99231,2000-10-30,2000-10-30,9,NCCI-2026Q3
70450,99232,2000-10-30,2000-10-30,9,NCCI-2026Q3
70450,99233,2000-10-30,2000-10-30,9,NCCI-2026Q3
71046,71045,2018-01-01,,1,NCCI-2026Q3
71047,71045,2018-01-01,,1,NCCI-2026Q3
71047,71046,2018-01-01,,1,NCCI-2026Q3
72148,99201,2000-10-30,2000-10-30,9,NCCI-2026Q3
72148,99202,2000-10-30,2000-10-30,9,NCCI-2026Q3
72148,99203,2000-10-30,2000-10-30,9,NCCI-2026Q3
72148,99204,2000-10-30,2000-10-30,9,NCCI-2026Q3
72148,99205,2000-10-30,2000-10-30,9,NCCI-2026Q3
72148,99211,2000-10-30,2000-10-30,9,NCCI-2026Q3
72148,99212,2000-10-30,2000-10-30,9,NCCI-2026Q3
72148,99213,2000-10-30,2000-10-30,9,NCCI-2026Q3
72148,99214,2000-10-30,2000-10-30,9,NCCI-2026Q3
72148,99215,2000-10-30,2000-10-30,9,NCCI-2026Q3
72148,99221,2000-10-30,2000-10-30,9,NCCI-2026Q3
72148,99222,2000-10-30,2000-10-30,9,NCCI-2026Q3
72148,99223,2000-10-30,2000-10-30,9,NCCI-2026Q3
72148,99231,2000-10-30,2000-10-30,9,NCCI-2026Q3
72148,99232,2000-10-30,2000-10-30,9,NCCI-2026Q3
72148,99233,2000-10-30,2000-10-30,9,NCCI-2026Q3
73721,99201,2000-10-30,2000-10-30,9,NCCI-2026Q3
73721,99202,2000-10-30,2000-10-30,9,NCCI-2026Q3
73721,99203,2000-10-30,2000-10-30,9,NCCI-2026Q3
73721,99204,2000-10-30,2000-10-30,9,NCCI-2026Q3
73721,99205,2000-10-30,2000-10-30,9,NCCI-2026Q3
73721,99211,2000-10-30,2000-10-30,9,NCCI-2026Q3
73721,99212,2000-10-30,2000-10-30,9,NCCI-2026Q3
73721,99213,2000-10-30,2000-10-30,9,NCCI-2026Q3
73721,99214,2000-10-30,2000-10-30,9,NCCI-2026Q3
73721,99215,2000-10-30,2000-10-30,9,NCCI-2026Q3
73721,99221,2000-10-30,2000-10-30,9,NCCI-2026Q3
73721,99222,2000-10-30,2000-10-30,9,NCCI-2026Q3
73721,99223,2000-10-30,2000-10-30,9,NCCI-2026Q3
73721,99231,2000-10-30,2000-10-30,9,NCCI-2026Q3
73721,99232,2000-10-30,2000-10-30,9,NCCI-2026Q3
73721,99233,2000-10-30,2000-10-30,9,NCCI-2026Q3
74177,74176,2011-01-01,,1,NCCI-2026Q3
74177,96374,2012-07-01,,1,NCCI-2026Q3
76700,76942,2016-07-01,,1,NCCI-2026Q3
76700,99201,2000-10-30,2000-10-30,9,NCCI-2026Q3
76700,99202,2000-10-30,2000-10-30,9,NCCI-2026Q3
76700,99203,2000-10-30,2000-10-30,9,NCCI-2026Q3
76700,99204,2000-10-30,2000-10-30,9,NCCI-2026Q3
76700,99205,2000-10-30,2000-10-30,9,NCCI-2026Q3
76700,99211,2000-10-30,2000-10-30,9,NCCI-2026Q3
76700,99212,2000-10-30,2000-10-30,9,NCCI-2026Q3
76700,99213,2000-10-30,2000-10-30,9,NCCI-2026Q3
76700,99214,2000-10-30,2000-10-30,9,NCCI-2026Q3
76700,99215,2000-10-30,2000-10-30,9,NCCI-2026Q3
76700,99221,2000-10-30,2000-10-30,9,NCCI-2026Q3
76700,99222,2000-10-30,2000-10-30,9,NCCI-2026Q3
76700,99223,2000-10-30,2000-10-30,9,NCCI-2026Q3
76700,99231,2000-10-30,2000-10-30,9,NCCI-2026Q3
76700,99232,2000-10-30,2000-10-30,9,NCCI-2026Q3
76700,99233,2000-10-30,2000-10-30,9,NCCI-2026Q3
76942,99201,2000-10-30,2000-10-30,9,NCCI-2026Q3
76942,99202,2000-10-30,2000-10-30,9,NCCI-2026Q3
76942,99203,2000-10-30,2000-10-30,9,NCCI-2026Q3
76942,99204,2000-10-30,2000-10-30,9,NCCI-2026Q3
76942,99205,2000-10-30,2000-10-30,9,NCCI-2026Q3
76942,99211,2000-10-30,2000-10-30,9,NCCI-2026Q3
76942,99212,2000-10-30,2000-10-30,9,NCCI-2026Q3
76942,99213,2000-10-30,2000-10-30,9,NCCI-2026Q3
76942,99214,2000-10-30,2000-10-30,9,NCCI-2026Q3
76942,99215,2000-10-30,2000-10-30,9,NCCI-2026Q3
76942,99221,2000-10-30,2000-10-30,9,NCCI-2026Q3
76942,99222,2000-10-30,2000-10-30,9,NCCI-2026Q3
76942,99223,2000-10-30,2000-10-30,9,NCCI-2026Q3
76942,99231,2000-10-30,2000-10-30,9,NCCI-2026Q3
76942,99232,2000-10-30,2000-10-30,9,NCCI-2026Q3
76942,99233,2000-10-30,2000-10-30,9,NCCI-2026Q3
77062,77061,2016-01-01,,0,NCCI-2026Q3
77067,77061,2017-01-01,,1,NCCI-2026Q3
77067,77062,2017-01-01,,1,NCCI-2026Q3
90471,99201,2020-10-01,2020-12-31,1,NCCI-2026Q3
90471,99201,2013-01-01,2019-12-31,1,NCCI-2026Q3
90471,99202,2020-10-01,,1,NCCI-2026Q3
90471,99202,2013-01-01,2019-12-31,1,NCCI-2026Q3
90471,99203,2020-10-01,,1,NCCI-2026Q3
90471,99203,2013-01-01,2019-12-31,1,NCCI-2026Q3
90471,99204,2020-10-01,,1,NCCI-2026Q3
90471,99204,2013-01-01,2019-12-31,1,NCCI-2026Q3
90471,99205,2020-10-01,,1,NCCI-2026Q3
90471,99205,2013-01-01,2019-12-31,1,NCCI-2026Q3
90471,99211,2021-10-01,,1,NCCI-2026Q3
90471,99211,2020-10-01,2021-09-30,0,NCCI-2026Q3
90471,99211,2006-01-01,2019-12-31,0,NCCI-2026Q3
90471,99212,2020-10-01,,1,NCCI-2026Q3
90471,99212,2013-01-01,2019-12-31,1,NCCI-2026Q3
90471,99213,2020-10-01,,1,NCCI-2026Q3
90471,99213,2013-01-01,2019-12-31,1,NCCI-2026Q3
90471,99214,2020-10-01,,1,NCCI-2026Q3
90471,99214,2013-01-01,2019-12-31,1,NCCI-2026Q3
90471,99215,2020-10-01,,1,NCCI-2026Q3
90471,99215,2013-01-01,2019-12-31,1,NCCI-2026Q3
90471,99281,2020-10-01,,1,NCCI-2026Q3
90471,99281,2013-01-01,2019-12-31,1,NCCI-2026Q3
90471,99282,2020-10-01,,1,NCCI-2026Q3
90471,99282,2013-01-01,2019-12-31,1,NCCI-2026Q3
90471,99283,2020-10-01,,1,NCCI-2026Q3
90471,99283,2013-01-01,2019-12-31,1,NCCI-2026Q3
90471,99284,2020-10-01,,1,NCCI-2026Q3
90471,99284,2013-01-01,2019-12-31,1,NCCI-2026Q3
90471,99285,2020-10-01,,1,NCCI-2026Q3
90471,99285,2013-01-01,2019-12-31,1,NCCI-2026Q3
90471,G0008,2005-04-01,,1,NCCI-2026Q3
90472,99201,2020-10-01,2020-12-31,1,NCCI-2026Q3
90472,99201,2013-01-01,2019-12-31,1,NCCI-2026Q3
90472,99202,2020-10-01,,1,NCCI-2026Q3
90472,99202,2013-01-01,2019-12-31,1,NCCI-2026Q3
90472,99203,2020-10-01,,1,NCCI-2026Q3
90472,99203,2013-01-01,2019-12-31,1,NCCI-2026Q3
90472,99204,2020-10-01,,1,NCCI-2026Q3
90472,99204,2013-01-01,2019-12-31,1,NCCI-2026Q3
90472,99205,2020-10-01,,1,NCCI-2026Q3
90472,99205,2013-01-01,2019-12-31,1,NCCI-2026Q3
90472,99211,2021-10-01,,1,NCCI-2026Q3
90472,99211,2020-10-01,2021-09-30,0,NCCI-2026Q3
90472,99211,2006-01-01,2019-12-31,0,NCCI-2026Q3
90472,99212,2020-10-01,,1,NCCI-2026Q3
90472,99212,2013-01-01,2019-12-31,1,NCCI-2026Q3
90472,99213,2020-10-01,,1,NCCI-2026Q3
90472,99213,2013-01-01,2019-12-31,1,NCCI-2026Q3
90472,99214,2020-10-01,,1,NCCI-2026Q3
90472,99214,2013-01-01,2019-12-31,1,NCCI-2026Q3
90472,99215,2020-10-01,,1,NCCI-2026Q3
90472,99215,2013-01-01,2019-12-31,1,NCCI-2026Q3
90472,99281,2020-10-01,,1,NCCI-2026Q3
90472,99281,2013-01-01,2019-12-31,1,NCCI-2026Q3
90472,99282,2020-10-01,,1,NCCI-2026Q3
90472,99282,2013-01-01,2019-12-31,1,NCCI-2026Q3
90472,99283,2020-10-01,,1,NCCI-2026Q3
90472,99283,2013-01-01,2019-12-31,1,NCCI-2026Q3
90472,99284,2020-10-01,,1,NCCI-2026Q3
90472,99284,2013-01-01,2019-12-31,1,NCCI-2026Q3
90472,99285,2020-10-01,,1,NCCI-2026Q3
90472,99285,2013-01-01,2019-12-31,1,NCCI-2026Q3
92004,99201,2000-10-30,2000-10-30,9,NCCI-2026Q3
92004,99202,2000-10-30,2000-10-30,9,NCCI-2026Q3
92004,99203,2000-10-30,2000-10-30,9,NCCI-2026Q3
92004,99204,2000-10-30,2000-10-30,9,NCCI-2026Q3
92004,99205,2000-10-30,2000-10-30,9,NCCI-2026Q3
92004,99211,2000-10-30,2000-10-30,9,NCCI-2026Q3
92004,99212,2000-10-30,2000-10-30,9,NCCI-2026Q3
92004,99213,2000-10-30,2000-10-30,9,NCCI-2026Q3
92004,99214,2000-10-30,2000-10-30,9,NCCI-2026Q3
92004,99215,2000-10-30,2000-10-30,9,NCCI-2026Q3
92004,99221,2000-10-30,2000-10-30,9,NCCI-2026Q3
92004,99222,2000-10-30,2000-10-30,9,NCCI-2026Q3
92004,99223,2000-10-30,2000-10-30,9,NCCI-2026Q3
92004,99231,2000-10-30,2000-10-30,9,NCCI-2026Q3
92004,99232,2000-10-30,2000-10-30,9,NCCI-2026Q3
92004,99233,2000-10-30,2000-10-30,9,NCCI-2026Q3
92012,92004,1996-01-01,,0,NCCI-2026Q3
92012,92014,1996-01-01,,0,NCCI-2026Q3
92012,99201,2000-10-30,2000-10-30,9,NCCI-2026Q3
92012,99202,2000-10-30,2000-10-30,9,NCCI-2026Q3
92012,99203,2000-10-30,2000-10-30,9,NCCI-2026Q3
92012,99204,2000-10-30,2000-10-30,9,NCCI-2026Q3
92012,99205,2000-10-30,2000-10-30,9,NCCI-2026Q3
92012,99211,2000-10-30,2000-10-30,9,NCCI-2026Q3
92012,99212,2000-10-30,2000-10-30,9,NCCI-2026Q3
92012,99213,2000-10-30,2000-10-30,9,NCCI-2026Q3
92012,99214,2000-10-30,2000-10-30,9,NCCI-2026Q3
92012,99215,2000-10-30,2000-10-30,9,NCCI-2026Q3
92012,99221,2000-10-30,2000-10-30,9,NCCI-2026Q3
92012,99222,2000-10-30,2000-10-30,9,NCCI-2026Q3
92012,99223,2000-10-30,2000-10-30,9,NCCI-2026Q3
92012,99231,2000-10-30,2000-10-30,9,NCCI-2026Q3
92012,99232,2000-10-30,2000-10-30,9,NCCI-2026Q3
92012,99233,2000-10-30,2000-10-30,9,NCCI-2026Q3
92014,92004,1996-01-01,,0,NCCI-2026Q3
92014,99201,2000-10-30,2000-10-30,9,NCCI-2026Q3
92014,99202,2000-10-30,2000-10-30,9,NCCI-2026Q3
92014,99203,2000-10-30,2000-10-30,9,NCCI-2026Q3
92014,99204,2000-10-30,2000-10-30,9,NCCI-2026Q3
92014,99205,2000-10-30,2000-10-30,9,NCCI-2026Q3
92014,99211,2000-10-30,2000-10-30,9,NCCI-2026Q3
92014,99212,2000-10-30,2000-10-30,9,NCCI-2026Q3
92014,99213,2000-10-30,2000-10-30,9,NCCI-2026Q3
92014,99214,2000-10-30,2000-10-30,9,NCCI-2026Q3
92014,99215,2000-10-30,2000-10-30,9,NCCI-2026Q3
92014,99221,2000-10-30,2000-10-30,9,NCCI-2026Q3
92014,99222,2000-10-30,2000-10-30,9,NCCI-2026Q3
92014,99223,2000-10-30,2000-10-30,9,NCCI-2026Q3
92014,99231,2000-10-30,2000-10-30,9,NCCI-2026Q3
92014,99232,2000-10-30,2000-10-30,9,NCCI-2026Q3
92014,99233,2000-10-30,2000-10-30,9,NCCI-2026Q3
93000,93005,1996-01-01,,1,NCCI-2026Q3
93000,93010,1996-01-01,,1,NCCI-2026Q3
93000,99211,2020-10-01,,1,NCCI-2026Q3
93000,99211,2014-04-01,2019-12-31,1,NCCI-2026Q3
93005,93010,2005-10-01,2005-10-01,9,NCCI-2026Q3
93005,99211,2020-10-01,,1,NCCI-2026Q3
93005,99211,2014-04-01,2019-12-31,1,NCCI-2026Q3
93010,99211,2020-10-01,,1,NCCI-2026Q3
93010,99211,2014-04-01,2019-12-31,1,NCCI-2026Q3
93306,93307,2009-01-01,,0,NCCI-2026Q3
93306,93308,2009-01-01,,1,NCCI-2026Q3
93306,93320,2009-01-01,,0,NCCI-2026Q3
93306,93321,2009-01-01,,1,NCCI-2026Q3
93306,93325,2009-04-01,,1,NCCI-2026Q3
93306,96374,2009-01-01,,1,NCCI-2026Q3
93306,96375,2009-01-01,,1,NCCI-2026Q3
93307,93308,1996-01-01,,1,NCCI-2026Q3
93307,93320,2009-01-01,,0,NCCI-2026Q3
93307,93321,2009-01-01,,0,NCCI-2026Q3
93307,93325,2009-01-01,,0,NCCI-2026Q3
93307,96374,2009-01-01,,1,NCCI-2026Q3
93307,96375,2009-01-01,,1,NCCI-2026Q3
93307,99201,2000-10-30,2000-10-30,9,NCCI-2026Q3
93307,99202,2000-10-30,2000-10-30,9,NCCI-2026Q3
93307,99203,2000-10-30,2000-10-30,9,NCCI-2026Q3
93307,99204,2000-10-30,2000-10-30,9,NCCI-2026Q3
93307,99205,2000-10-30,2000-10-30,9,NCCI-2026Q3
93307,99211,2000-10-30,2000-10-30,9,NCCI-2026Q3
93307,99212,2000-10-30,2000-10-30,9,NCCI-2026Q3
93307,99213,2000-10-30,2000-10-30,9,NCCI-2026Q3
93307,99214,2000-10-30,2000-10-30,9,NCCI-2026Q3
93307,99215,2000-10-30,2000-10-30,9,NCCI-2026Q3
93307,99221,2000-10-30,2000-10-30,9,NCCI-2026Q3
93307,99222,2000-10-30,2000-10-30,9,NCCI-2026Q3
93307,99223,2000-10-30,2000-10-30,9,NCCI-2026Q3
93307,99231,2000-10-30,2000-10-30,9,NCCI-2026Q3
93307,99232,2000-10-30,2000-10-30,9,NCCI-2026Q3
93307,99233,2000-10-30,2000-10-30,9,NCCI-2026Q3
93308,93320,2009-01-01,,1,NCCI-2026Q3
93308,96374,2009-01-01,,1,NCCI-2026Q3
93308,96375,2009-01-01,,1,NCCI-2026Q3
93308,99201,2000-10-30,2000-10-30,9,NCCI-2026Q3
93308,99202,2000-10-30,2000-10-30,9,NCCI-2026Q3
93308,99203,2000-10-30,2000-10-30,9,NCCI-2026Q3
93308,99204,2000-10-30,2000-10-30,9,NCCI-2026Q3
93308,99205,2000-10-30,2000-10-30,9,NCCI-2026Q3
93308,99211,2000-10-30,2000-10-30,9,NCCI-2026Q3
93308,99212,2000-10-30,2000-10-30,9,NCCI-2026Q3
93308,99213,2000-10-30,2000-10-30,9,NCCI-2026Q3
93308,99214,2000-10-30,2000-10-30,9,NCCI-2026Q3
93308,99215,2000-10-30,2000-10-30,9,NCCI-2026Q3
93308,99221,2000-10-30,2000-10-30,9,NCCI-2026Q3
93308,99222,2000-10-30,2000-10-30,9,NCCI-2026Q3
93308,99223,2000-10-30,2000-10-30,9,NCCI-2026Q3
93308,99231,2000-10-30,2000-10-30,9,NCCI-2026Q3
93308,99232,2000-10-30,2000-10-30,9,NCCI-2026Q3
93308,99233,2000-10-30,2000-10-30,9,NCCI-2026Q3
93320,93321,1996-01-01,1996-12-31,0,NCCI-2026Q3
93320,93325,2009-01-01,2009-01-01,9,NCCI-2026Q3
96372,99201,2020-10-01,2020-12-31,1,NCCI-2026Q3
96372,99201,2009-01-01,2019-12-31,1,NCCI-2026Q3
96372,99202,2020-10-01,,1,NCCI-2026Q3
96372,99202,2009-01-01,2019-12-31,1,NCCI-2026Q3
96372,99203,2020-10-01,,1,NCCI-2026Q3
96372,99203,2009-01-01,2019-12-31,1,NCCI-2026Q3
96372,99204,2020-10-01,,1,NCCI-2026Q3
96372,99204,2009-01-01,2019-12-31,1,NCCI-2026Q3
96372,99205,2020-10-01,,1,NCCI-2026Q3
96372,99205,2009-01-01,2019-12-31,1,NCCI-2026Q3
96372,99211,2020-10-01,,0,NCCI-2026Q3
96372,99211,2009-01-01,2019-12-31,0,NCCI-2026Q3
96372,99212,2020-10-01,,1,NCCI-2026Q3
96372,99212,2009-01-01,2019-12-31,1,NCCI-2026Q3
96372,99213,2020-10-01,,1,NCCI-2026Q3
96372,99213,2009-01-01,2019-12-31,1,NCCI-2026Q3
96372,99214,2020-10-01,,1,NCCI-2026Q3
96372,99214,2009-01-01,2019-12-31,1,NCCI-2026Q3
96372,99215,2020-10-01,,1,NCCI-2026Q3
96372,99215,2009-01-01,2019-12-31,1,NCCI-2026Q3
96374,96372,2009-01-01,,1,NCCI-2026Q3
96374,99201,2020-10-01,2020-12-31,1,NCCI-2026Q3
96374,99201,2009-01-01,2019-12-31,1,NCCI-2026Q3
96374,99202,2020-10-01,,1,NCCI-2026Q3
96374,99202,2009-01-01,2019-12-31,1,NCCI-2026Q3
96374,99203,2020-10-01,,1,NCCI-2026Q3
96374,99203,2009-01-01,2019-12-31,1,NCCI-2026Q3
96374,99204,2020-10-01,,1,NCCI-2026Q3
96374,99204,2009-01-01,2019-12-31,1,NCCI-2026Q3
96374,99205,2020-10-01,,1,NCCI-2026Q3
96374,99205,2009-01-01,2019-12-31,1,NCCI-2026Q3
96374,99211,2020-10-01,,0,NCCI-2026Q3
96374,99211,2009-01-01,2019-12-31,0,NCCI-2026Q3
96374,99212,2020-10-01,,1,NCCI-2026Q3
96374,99212,2009-01-01,2019-12-31,1,NCCI-2026Q3
96374,99213,2020-10-01,,1,NCCI-2026Q3
96374,99213,2009-01-01,2019-12-31,1,NCCI-2026Q3
96374,99214,2020-10-01,,1,NCCI-2026Q3
96374,99214,2009-01-01,2019-12-31,1,NCCI-2026Q3
96374,99215,2020-10-01,,1,NCCI-2026Q3
96374,99215,2009-01-01,2019-12-31,1,NCCI-2026Q3
97110,62323,2020-10-01,,1,NCCI-2026Q3
97110,62323,2017-01-01,2019-12-31,1,NCCI-2026Q3
97110,64483,2020-10-01,,1,NCCI-2026Q3
97110,64483,2003-04-01,2019-12-31,1,NCCI-2026Q3
97110,64484,2020-10-01,,1,NCCI-2026Q3
97110,64484,2003-04-01,2019-12-31,1,NCCI-2026Q3
97110,97140,1999-04-01,1999-04-01,9,NCCI-2026Q3
97110,99201,2000-10-30,2000-10-30,9,NCCI-2026Q3
97110,99202,2000-10-30,2000-10-30,9,NCCI-2026Q3
97110,99203,2000-10-30,2000-10-30,9,NCCI-2026Q3
97110,99204,2000-10-30,2000-10-30,9,NCCI-2026Q3
97110,99205,2000-10-30,2000-10-30,9,NCCI-2026Q3
97110,99211,2000-10-30,2000-10-30,9,NCCI-2026Q3
97110,99212,2000-10-30,2000-10-30,9,NCCI-2026Q3
97110,99213,2000-10-30,2000-10-30,9,NCCI-2026Q3
97110,99214,2000-10-30,2000-10-30,9,NCCI-2026Q3
97110,99215,2000-10-30,2000-10-30,9,NCCI-2026Q3
97110,99221,2000-10-30,2000-10-30,9,NCCI-2026Q3
97110,99222,2000-10-30,2000-10-30,9,NCCI-2026Q3
97110,99223,2000-10-30,2000-10-30,9,NCCI-2026Q3
97110,99231,2000-10-30,2000-10-30,9,NCCI-2026Q3
97110,99232,2000-10-30,2000-10-30,9,NCCI-2026Q3
97110,99233,2000-10-30,2000-10-30,9,NCCI-2026Q3
97112,62323,2020-10-01,,1,NCCI-2026Q3
97112,62323,2017-01-01,2019-12-31,1,NCCI-2026Q3
97112,64483,2020-10-01,,1,NCCI-2026Q3
97112,64483,2003-04-01,2019-12-31,1,NCCI-2026Q3
97112,64484,2020-10-01,,1,NCCI-2026Q3
97112,64484,2003-04-01,2019-12-31,1,NCCI-2026Q3
97112,97140,1999-04-01,1999-04-01,9,NCCI-2026Q3
97112,99201,2000-10-30,2000-10-30,9,NCCI-2026Q3
97112,99202,2000-10-30,2000-10-30,9,NCCI-2026Q3
97112,99203,2000-10-30,2000-10-30,9,NCCI-2026Q3
97112,99204,2000-10-30,2000-10-30,9,NCCI-2026Q3
97112,99205,2000-10-30,2000-10-30,9,NCCI-2026Q3
97112,99211,2000-10-30,2000-10-30,9,NCCI-2026Q3
97112,99212,2000-10-30,2000-10-30,9,NCCI-2026Q3
97112,99213,2000-10-30,2000-10-30,9,NCCI-2026Q3
97112,99214,2000-10-30,2000-10-30,9,NCCI-2026Q3
97112,99215,2000-10-30,2000-10-30,9,NCCI-2026Q3
97112,99221,2000-10-30,2000-10-30,9,NCCI-2026Q3
97112,99222,2000-10-30,2000-10-30,9,NCCI-2026Q3
97112,99223,2000-10-30,2000-10-30,9,NCCI-2026Q3
97112,99231,2000-10-30,2000-10-30,9,NCCI-2026Q3
97112,99232,2000-10-30,2000-10-30,9,NCCI-2026Q3
97112,99233,2000-10-30,2000-10-30,9,NCCI-2026Q3
97116,62323,2020-10-01,,1,NCCI-2026Q3
97116,62323,2017-01-01,2019-12-31,1,NCCI-2026Q3
97116,64483,2020-10-01,,1,NCCI-2026Q3
97116,64483,2003-04-01,2019-12-31,1,NCCI-2026Q3
97116,64484,2020-10-01,,1,NCCI-2026Q3
97116,64484,2003-04-01,2019-12-31,1,NCCI-2026Q3
97116,97140,1999-04-01,1999-04-01,9,NCCI-2026Q3
97116,99201,2000-10-30,2000-10-30,9,NCCI-2026Q3
97116,99202,2000-10-30,2000-10-30,9,NCCI-2026Q3
97116,99203,2000-10-30,2000-10-30,9,NCCI-2026Q3
97116,99204,2000-10-30,2000-10-30,9,NCCI-2026Q3
97116,99205,2000-10-30,2000-10-30,9,NCCI-2026Q3
97116,99211,2000-10-30,2000-10-30,9,NCCI-2026Q3
97116,99212,2000-10-30,2000-10-30,9,NCCI-2026Q3
97116,99213,2000-10-30,2000-10-30,9,NCCI-2026Q3
97116,99214,2000-10-30,2000-10-30,9,NCCI-2026Q3
97116,99215,2000-10-30,2000-10-30,9,NCCI-2026Q3
97116,99221,2000-10-30,2000-10-30,9,NCCI-2026Q3
97116,99222,2000-10-30,2000-10-30,9,NCCI-2026Q3
97116,99223,2000-10-30,2000-10-30,9,NCCI-2026Q3
97116,99231,2000-10-30,2000-10-30,9,NCCI-2026Q3
97116,99232,2000-10-30,2000-10-30,9,NCCI-2026Q3
97116,99233,2000-10-30,2000-10-30,9,NCCI-2026Q3
97140,62323,2017-01-01,,1,NCCI-2026Q3
97140,64483,2003-04-01,,1,NCCI-2026Q3
97140,64484,2003-04-01,,1,NCCI-2026Q3
97140,97530,2000-07-01,2019-12-31,1,NCCI-2026Q3
97140,99201,2000-10-30,2000-10-30,9,NCCI-2026Q3
97140,99202,2000-10-30,2000-10-30,9,NCCI-2026Q3
97140,99203,2000-10-30,2000-10-30,9,NCCI-2026Q3
97140,99204,2000-10-30,2000-10-30,9,NCCI-2026Q3
97140,99205,2000-10-30,2000-10-30,9,NCCI-2026Q3
97140,99211,2000-10-30,2000-10-30,9,NCCI-2026Q3
97140,99212,2000-10-30,2000-10-30,9,NCCI-2026Q3
97140,99213,2000-10-30,2000-10-30,9,NCCI-2026Q3
97140,99214,2000-10-30,2000-10-30,9,NCCI-2026Q3
97140,99215,2000-10-30,2000-10-30,9,NCCI-2026Q3
97140,99221,2000-10-30,2000-10-30,9,NCCI-2026Q3
97140,99222,2000-10-30,2000-10-30,9,NCCI-2026Q3
97140,99223,2000-10-30,2000-10-30,9,NCCI-2026Q3
97140,99231,2000-10-30,2000-10-30,9,NCCI-2026Q3
97140,99232,2000-10-30,2000-10-30,9,NCCI-2026Q3
97140,99233,2000-10-30,2000-10-30,9,NCCI-2026Q3
97161,62323,2020-10-01,,1,NCCI-2026Q3
97161,62323,2017-01-01,2019-12-31,1,NCCI-2026Q3
97161,64483,2020-10-01,,1,NCCI-2026Q3
97161,64483,2017-01-01,2019-12-31,1,NCCI-2026Q3
97161,64484,2020-10-01,,1,NCCI-2026Q3
97161,64484,2017-01-01,2019-12-31,1,NCCI-2026Q3
97161,97140,2020-10-01,2020-10-01,9,NCCI-2026Q3
97161,97140,2020-01-01,2020-01-01,9,NCCI-2026Q3
97161,99201,2020-10-01,2020-12-31,1,NCCI-2026Q3
97161,99201,2017-01-01,2019-12-31,1,NCCI-2026Q3
97161,99202,2020-10-01,,1,NCCI-2026Q3
97161,99202,2017-01-01,2019-12-31,1,NCCI-2026Q3
97161,99203,2020-10-01,,1,NCCI-2026Q3
97161,99203,2017-01-01,2019-12-31,1,NCCI-2026Q3
97161,99204,2020-10-01,,1,NCCI-2026Q3
97161,99204,2017-01-01,2019-12-31,1,NCCI-2026Q3
97161,99205,2020-10-01,,1,NCCI-2026Q3
97161,99205,2017-01-01,2019-12-31,1,NCCI-2026Q3
97161,99211,2020-10-01,,1,NCCI-2026Q3
97161,99211,2017-01-01,2019-12-31,1,NCCI-2026Q3
97161,99212,2020-10-01,,1,NCCI-2026Q3
97161,99212,2017-01-01,2019-12-31,1,NCCI-2026Q3
97161,99213,2020-10-01,,1,NCCI-2026Q3
97161,99213,2017-01-01,2019-12-31,1,NCCI-2026Q3
97161,99214,2020-10-01,,1,NCCI-2026Q3
97161,99214,2017-01-01,2019-12-31,1,NCCI-2026Q3
97161,99215,2020-10-01,,1,NCCI-2026Q3
97161,99215,2017-01-01,2019-12-31,1,NCCI-2026Q3
97161,99221,2020-10-01,,1,NCCI-2026Q3
97161,99221,2017-01-01,2019-12-31,1,NCCI-2026Q3
97161,99222,2020-10-01,,1,NCCI-2026Q3
97161,99222,2017-01-01,2019-12-31,1,NCCI-2026Q3
97161,99223,2020-10-01,,1,NCCI-2026Q3
97161,99223,2017-01-01,2019-12-31,1,NCCI-2026Q3
97161,99231,2020-10-01,,1,NCCI-2026Q3
97161,99231,2017-01-01,2019-12-31,1,NCCI-2026Q3
97161,99232,2020-10-01,,1,NCCI-2026Q3
97161,99232,2017-01-01,2019-12-31,1,NCCI-2026Q3
97161,99233,2020-10-01,,1,NCCI-2026Q3
97161,99233,2017-01-01,2019-12-31,1,NCCI-2026Q3
97162,62323,2020-10-01,,1,NCCI-2026Q3
97162,62323,2017-01-01,2019-12-31,1,NCCI-2026Q3
97162,64483,2020-10-01,,1,NCCI-2026Q3
97162,64483,2017-01-01,2019-12-31,1,NCCI-2026Q3
97162,64484,2020-10-01,,1,NCCI-2026Q3
97162,64484,2017-01-01,2019-12-31,1,NCCI-2026Q3
97162,97140,2020-10-01,2020-10-01,9,NCCI-2026Q3
97162,97140,2020-01-01,2020-01-01,9,NCCI-2026Q3
97162,97161,2020-10-01,,0,NCCI-2026Q3
97162,97161,2017-01-01,2019-12-31,0,NCCI-2026Q3
97162,99201,2020-10-01,2020-12-31,1,NCCI-2026Q3
97162,99201,2017-01-01,2019-12-31,1,NCCI-2026Q3
97162,99202,2020-10-01,,1,NCCI-2026Q3
97162,99202,2017-01-01,2019-12-31,1,NCCI-2026Q3
97162,99203,2020-10-01,,1,NCCI-2026Q3
97162,99203,2017-01-01,2019-12-31,1,NCCI-2026Q3
97162,99204,2020-10-01,,1,NCCI-2026Q3
97162,99204,2017-01-01,2019-12-31,1,NCCI-2026Q3
97162,99205,2020-10-01,,1,NCCI-2026Q3
97162,99205,2017-01-01,2019-12-31,1,NCCI-2026Q3
97162,99211,2020-10-01,,1,NCCI-2026Q3
97162,99211,2017-01-01,2019-12-31,1,NCCI-2026Q3
97162,99212,2020-10-01,,1,NCCI-2026Q3
97162,99212,2017-01-01,2019-12-31,1,NCCI-2026Q3
97162,99213,2020-10-01,,1,NCCI-2026Q3
97162,99213,2017-01-01,2019-12-31,1,NCCI-2026Q3
97162,99214,2020-10-01,,1,NCCI-2026Q3
97162,99214,2017-01-01,2019-12-31,1,NCCI-2026Q3
97162,99215,2020-10-01,,1,NCCI-2026Q3
97162,99215,2017-01-01,2019-12-31,1,NCCI-2026Q3
97162,99221,2020-10-01,,1,NCCI-2026Q3
97162,99221,2017-01-01,2019-12-31,1,NCCI-2026Q3
97162,99222,2020-10-01,,1,NCCI-2026Q3
97162,99222,2017-01-01,2019-12-31,1,NCCI-2026Q3
97162,99223,2020-10-01,,1,NCCI-2026Q3
97162,99223,2017-01-01,2019-12-31,1,NCCI-2026Q3
97162,99231,2020-10-01,,1,NCCI-2026Q3
97162,99231,2017-01-01,2019-12-31,1,NCCI-2026Q3
97162,99232,2020-10-01,,1,NCCI-2026Q3
97162,99232,2017-01-01,2019-12-31,1,NCCI-2026Q3
97162,99233,2020-10-01,,1,NCCI-2026Q3
97162,99233,2017-01-01,2019-12-31,1,NCCI-2026Q3
97163,62323,2020-10-01,,1,NCCI-2026Q3
97163,62323,2017-01-01,2019-12-31,1,NCCI-2026Q3
97163,64483,2020-10-01,,1,NCCI-2026Q3
97163,64483,2017-01-01,2019-12-31,1,NCCI-2026Q3
97163,64484,2020-10-01,,1,NCCI-2026Q3
97163,64484,2017-01-01,2019-12-31,1,NCCI-2026Q3
97163,97140,2020-10-01,2020-10-01,9,NCCI-2026Q3
97163,97140,2020-01-01,2020-01-01,9,NCCI-2026Q3
97163,97161,2020-10-01,,0,NCCI-2026Q3
97163,97161,2017-01-01,2019-12-31,0,NCCI-2026Q3
97163,97162,2020-10-01,,0,NCCI-2026Q3
97163,97162,2017-01-01,2019-12-31,0,NCCI-2026Q3
97163,99201,2020-10-01,2020-12-31,1,NCCI-2026Q3
97163,99201,2017-01-01,2019-12-31,1,NCCI-2026Q3
97163,99202,2020-10-01,,1,NCCI-2026Q3
97163,99202,2017-01-01,2019-12-31,1,NCCI-2026Q3
97163,99203,2020-10-01,,1,NCCI-2026Q3
97163,99203,2017-01-01,2019-12-31,1,NCCI-2026Q3
97163,99204,2020-10-01,,1,NCCI-2026Q3
97163,99204,2017-01-01,2019-12-31,1,NCCI-2026Q3
97163,99205,2020-10-01,,1,NCCI-2026Q3
97163,99205,2017-01-01,2019-12-31,1,NCCI-2026Q3
97163,99211,2020-10-01,,1,NCCI-2026Q3
97163,99211,2017-01-01,2019-12-31,1,NCCI-2026Q3
97163,99212,2020-10-01,,1,NCCI-2026Q3
97163,99212,2017-01-01,2019-12-31,1,NCCI-2026Q3
97163,99213,2020-10-01,,1,NCCI-2026Q3
97163,99213,2017-01-01,2019-12-31,1,NCCI-2026Q3
97163,99214,2020-10-01,,1,NCCI-2026Q3
97163,99214,2017-01-01,2019-12-31,1,NCCI-2026Q3
97163,99215,2020-10-01,,1,NCCI-2026Q3
97163,99215,2017-01-01,2019-12-31,1,NCCI-2026Q3
97163,99221,2020-10-01,,1,NCCI-2026Q3
97163,99221,2017-01-01,2019-12-31,1,NCCI-2026Q3
97163,99222,2020-10-01,,1,NCCI-2026Q3
97163,99222,2017-01-01,2019-12-31,1,NCCI-2026Q3
97163,99223,2020-10-01,,1,NCCI-2026Q3
97163,99223,2017-01-01,2019-12-31,1,NCCI-2026Q3
97163,99231,2020-10-01,,1,NCCI-2026Q3
97163,99231,2017-01-01,2019-12-31,1,NCCI-2026Q3
97163,99232,2020-10-01,,1,NCCI-2026Q3
97163,99232,2017-01-01,2019-12-31,1,NCCI-2026Q3
97163,99233,2020-10-01,,1,NCCI-2026Q3
97163,99233,2017-01-01,2019-12-31,1,NCCI-2026Q3
97530,62323,2017-01-01,,1,NCCI-2026Q3
97530,64483,2003-04-01,,1,NCCI-2026Q3
97530,64484,2003-04-01,,1,NCCI-2026Q3
97530,97110,1996-01-01,1996-01-01,9,NCCI-2026Q3
97530,97112,1996-01-01,1996-01-01,9,NCCI-2026Q3
97530,97116,2020-10-01,2020-10-01,9,NCCI-2026Q3
97530,97116,1999-07-01,2019-12-31,1,NCCI-2026Q3
97530,97116,1996-01-01,1996-01-01,9,NCCI-2026Q3
97530,97161,2020-01-01,2020-01-01,9,NCCI-2026Q3
97530,97162,2020-01-01,2020-01-01,9,NCCI-2026Q3
97530,97163,2020-01-01,2020-01-01,9,NCCI-2026Q3
97530,99201,2000-10-30,2000-10-30,9,NCCI-2026Q3
97530,99202,2000-10-30,2000-10-30,9,NCCI-2026Q3
97530,99203,2000-10-30,2000-10-30,9,NCCI-2026Q3
97530,99204,2000-10-30,2000-10-30,9,NCCI-2026Q3
97530,99205,2000-10-30,2000-10-30,9,NCCI-2026Q3
97530,99211,2000-10-30,2000-10-30,9,NCCI-2026Q3
97530,99212,2000-10-30,2000-10-30,9,NCCI-2026Q3
97530,99213,2000-10-30,2000-10-30,9,NCCI-2026Q3
97530,99214,2000-10-30,2000-10-30,9,NCCI-2026Q3
97530,99215,2000-10-30,2000-10-30,9,NCCI-2026Q3
97530,99221,2000-10-30,2000-10-30,9,NCCI-2026Q3
97530,99222,2000-10-30,2000-10-30,9,NCCI-2026Q3
97530,99223,2000-10-30,2000-10-30,9,NCCI-2026Q3
97530,99231,2000-10-30,2000-10-30,9,NCCI-2026Q3
97530,99232,2000-10-30,2000-10-30,9,NCCI-2026Q3
97530,99233,2000-10-30,2000-10-30,9,NCCI-2026Q3
97597,11720,2005-01-01,,1,NCCI-2026Q3
97597,11721,2005-01-01,,1,NCCI-2026Q3
97597,62323,2017-01-01,,0,NCCI-2026Q3
97597,64483,2005-01-01,,1,NCCI-2026Q3
97597,64484,2017-04-01,,0,NCCI-2026Q3
97597,92012,2014-04-01,,1,NCCI-2026Q3
97597,92012,2013-07-01,2013-07-01,9,NCCI-2026Q3
97597,92014,2014-04-01,,1,NCCI-2026Q3
97597,92014,2013-07-01,2013-07-01,9,NCCI-2026Q3
97597,93000,2011-01-01,,1,NCCI-2026Q3
97597,93005,2011-01-01,,1,NCCI-2026Q3
97597,93010,2011-01-01,,1,NCCI-2026Q3
97597,96372,2009-01-01,,1,NCCI-2026Q3
97597,96374,2009-01-01,,1,NCCI-2026Q3
97597,96375,2009-01-01,,1,NCCI-2026Q3
97597,99211,2020-10-01,,1,NCCI-2026Q3
97597,99211,2013-07-01,2019-12-31,1,NCCI-2026Q3
97597,99212,2020-10-01,,1,NCCI-2026Q3
97597,99212,2013-07-01,2019-12-31,1,NCCI-2026Q3
97597,99213,2020-10-01,,1,NCCI-2026Q3
97597,99213,2013-07-01,2019-12-31,1,NCCI-2026Q3
97597,99214,2020-10-01,,1,NCCI-2026Q3
97597,99214,2013-07-01,2019-12-31,1,NCCI-2026Q3
97597,99215,2020-10-01,,1,NCCI-2026Q3
97597,99215,2013-07-01,2019-12-31,1,NCCI-2026Q3
97597,99221,2020-10-01,,1,NCCI-2026Q3
97597,99221,2013-07-01,2019-12-31,1,NCCI-2026Q3
97597,99222,2020-10-01,,1,NCCI-2026Q3
97597,99222,2013-07-01,2019-12-31,1,NCCI-2026Q3
97597,99223,2020-10-01,,1,NCCI-2026Q3
97597,99223,2013-07-01,2019-12-31,1,NCCI-2026Q3
97597,99231,2020-10-01,,1,NCCI-2026Q3
97597,99231,2013-07-01,2019-12-31,1,NCCI-2026Q3
97597,99232,2020-10-01,,1,NCCI-2026Q3
97597,99232,2013-07-01,2019-12-31,1,NCCI-2026Q3
97597,99233,2020-10-01,,1,NCCI-2026Q3
97597,99233,2013-07-01,2019-12-31,1,NCCI-2026Q3
97598,11720,2005-01-01,,1,NCCI-2026Q3
97598,11721,2005-01-01,,1,NCCI-2026Q3
97598,64483,2005-01-01,,1,NCCI-2026Q3
97598,96372,2009-01-01,,1,NCCI-2026Q3
97598,96374,2009-01-01,,1,NCCI-2026Q3
97598,96375,2009-01-01,,1,NCCI-2026Q3
97598,97597,2005-07-01,2010-12-31,0,NCCI-2026Q3
99201,92004,2020-10-01,2020-12-31,0,NCCI-2026Q3
99201,92004,2003-04-01,2019-12-31,0,NCCI-2026Q3
99201,92012,2020-10-01,2020-12-31,0,NCCI-2026Q3
99201,92012,2003-04-01,2019-12-31,0,NCCI-2026Q3
99201,92014,2020-10-01,2020-12-31,0,NCCI-2026Q3
99201,92014,2003-04-01,2019-12-31,0,NCCI-2026Q3
99201,99211,2020-10-01,2020-12-31,1,NCCI-2026Q3
99201,99211,2014-07-01,2019-12-31,1,NCCI-2026Q3
99201,99212,2020-10-01,2020-12-31,1,NCCI-2026Q3
99201,99212,2014-07-01,2019-12-31,1,NCCI-2026Q3
99201,99213,2020-10-01,2020-12-31,1,NCCI-2026Q3
99201,99213,2014-07-01,2019-12-31,1,NCCI-2026Q3
99201,99214,2020-10-01,2020-12-31,1,NCCI-2026Q3
99201,99214,2014-07-01,2019-12-31,1,NCCI-2026Q3
99201,99215,2020-10-01,2020-12-31,1,NCCI-2026Q3
99201,99215,2014-07-01,2019-12-31,1,NCCI-2026Q3
99202,92004,2020-10-01,,0,NCCI-2026Q3
99202,92004,2003-04-01,2019-12-31,0,NCCI-2026Q3
99202,92012,2020-10-01,,0,NCCI-2026Q3
99202,92012,2003-04-01,2019-12-31,0,NCCI-2026Q3
99202,92014,2020-10-01,,0,NCCI-2026Q3
99202,92014,2003-04-01,2019-12-31,0,NCCI-2026Q3
99202,99201,2020-10-01,2020-12-31,0,NCCI-2026Q3
99202,99201,2007-04-01,2019-12-31,0,NCCI-2026Q3
99202,99211,2020-10-01,,1,NCCI-2026Q3
99202,99211,2014-07-01,2019-12-31,1,NCCI-2026Q3
99202,99212,2020-10-01,,1,NCCI-2026Q3
99202,99212,2014-07-01,2019-12-31,1,NCCI-2026Q3
99202,99213,2020-10-01,,1,NCCI-2026Q3
99202,99213,2014-07-01,2019-12-31,1,NCCI-2026Q3
99202,99214,2020-10-01,,1,NCCI-2026Q3
99202,99214,2014-07-01,2019-12-31,1,NCCI-2026Q3
99202,99215,2020-10-01,,1,NCCI-2026Q3
99202,99215,2014-07-01,2019-12-31,1,NCCI-2026Q3
99203,92004,2020-10-01,,0,NCCI-2026Q3
99203,92004,2003-04-01,2019-12-31,0,NCCI-2026Q3
99203,92012,2020-10-01,,0,NCCI-2026Q3
99203,92012,2003-04-01,2019-12-31,0,NCCI-2026Q3
99203,92014,2020-10-01,,0,NCCI-2026Q3
99203,92014,2003-04-01,2019-12-31,0,NCCI-2026Q3
99203,99201,2020-10-01,2020-12-31,0,NCCI-2026Q3
99203,99201,2007-04-01,2019-12-31,0,NCCI-2026Q3
99203,99202,2020-10-01,,0,NCCI-2026Q3
99203,99202,2007-04-01,2019-12-31,0,NCCI-2026Q3
99203,99211,2020-10-01,,1,NCCI-2026Q3
99203,99211,2014-07-01,2019-12-31,1,NCCI-2026Q3
99203,99212,2020-10-01,,1,NCCI-2026Q3
99203,99212,2014-07-01,2019-12-31,1,NCCI-2026Q3
99203,99213,2020-10-01,,1,NCCI-2026Q3
99203,99213,2014-07-01,2019-12-31,1,NCCI-2026Q3
99203,99214,2020-10-01,,1,NCCI-2026Q3
99203,99214,2014-07-01,2019-12-31,1,NCCI-2026Q3
99203,99215,2020-10-01,,1,NCCI-2026Q3
99203,99215,2014-07-01,2019-12-31,1,NCCI-2026Q3
99204,92004,2020-10-01,,0,NCCI-2026Q3
99204,92004,2003-04-01,2019-12-31,0,NCCI-2026Q3
99204,92012,2020-10-01,,0,NCCI-2026Q3
99204,92012,2003-04-01,2019-12-31,0,NCCI-2026Q3
99204,92014,2020-10-01,,0,NCCI-2026Q3
99204,92014,2003-04-01,2019-12-31,0,NCCI-2026Q3
99204,99201,2020-10-01,2020-12-31,0,NCCI-2026Q3
99204,99201,2007-04-01,2019-12-31,0,NCCI-2026Q3
99204,99202,2020-10-01,,0,NCCI-2026Q3
99204,99202,2007-04-01,2019-12-31,0,NCCI-2026Q3
99204,99203,2020-10-01,,0,NCCI-2026Q3
99204,99203,2007-04-01,2019-12-31,0,NCCI-2026Q3
99204,99211,2020-10-01,,1,NCCI-2026Q3
99204,99211,2014-07-01,2019-12-31,1,NCCI-2026Q3
99204,99212,2020-10-01,,1,NCCI-2026Q3
99204,99212,2014-07-01,2019-12-31,1,NCCI-2026Q3
99204,99213,2020-10-01,,1,NCCI-2026Q3
99204,99213,2014-07-01,2019-12-31,1,NCCI-2026Q3
99204,99214,2020-10-01,,1,NCCI-2026Q3
99204,99214,2014-07-01,2019-12-31,1,NCCI-2026Q3
99204,99215,2020-10-01,,1,NCCI-2026Q3
99204,99215,2014-07-01,2019-12-31,1,NCCI-2026Q3
99205,92004,2020-10-01,,0,NCCI-2026Q3
99205,92004,2003-04-01,2019-12-31,0,NCCI-2026Q3
99205,92012,2020-10-01,,0,NCCI-2026Q3
99205,92012,2003-04-01,2019-12-31,0,NCCI-2026Q3
99205,92014,2020-10-01,,0,NCCI-2026Q3
99205,92014,2003-04-01,2019-12-31,0,NCCI-2026Q3
99205,99201,2020-10-01,2020-12-31,0,NCCI-2026Q3
99205,99201,2007-04-01,2019-12-31,0,NCCI-2026Q3
99205,99202,2020-10-01,,0,NCCI-2026Q3
99205,99202,2007-04-01,2019-12-31,0,NCCI-2026Q3
99205,99203,2020-10-01,,0,NCCI-2026Q3
99205,99203,2007-04-01,2019-12-31,0,NCCI-2026Q3
99205,99204,2020-10-01,,0,NCCI-2026Q3
99205,99204,2007-04-01,2019-12-31,0,NCCI-2026Q3
99205,99211,2020-10-01,,1,NCCI-2026Q3
99205,99211,2014-07-01,2019-12-31,1,NCCI-2026Q3
99205,99212,2020-10-01,,1,NCCI-2026Q3
99205,99212,2014-07-01,2019-12-31,1,NCCI-2026Q3
99205,99213,2020-10-01,,1,NCCI-2026Q3
99205,99213,2014-07-01,2019-12-31,1,NCCI-2026Q3
99205,99214,2020-10-01,,1,NCCI-2026Q3
99205,99214,2014-07-01,2019-12-31,1,NCCI-2026Q3
99205,99215,2020-10-01,,1,NCCI-2026Q3
99205,99215,2014-07-01,2019-12-31,1,NCCI-2026Q3
99211,92004,2020-10-01,,0,NCCI-2026Q3
99211,92004,2003-04-01,2019-12-31,0,NCCI-2026Q3
99211,92012,2020-10-01,,0,NCCI-2026Q3
99211,92012,2003-04-01,2019-12-31,0,NCCI-2026Q3
99211,92014,2020-10-01,,0,NCCI-2026Q3
99211,92014,2003-04-01,2019-12-31,0,NCCI-2026Q3
99212,92004,2020-10-01,,0,NCCI-2026Q3
99212,92004,2003-04-01,2019-12-31,0,NCCI-2026Q3
99212,92012,2020-10-01,,0,NCCI-2026Q3
99212,92012,2003-04-01,2019-12-31,0,NCCI-2026Q3
99212,92014,2020-10-01,,0,NCCI-2026Q3
99212,92014,2003-04-01,2019-12-31,0,NCCI-2026Q3
99212,99211,2020-10-01,,1,NCCI-2026Q3
99212,99211,2014-07-01,2019-12-31,1,NCCI-2026Q3
99213,92004,2020-10-01,,0,NCCI-2026Q3
99213,92004,2003-04-01,2019-12-31,0,NCCI-2026Q3
99213,92012,2020-10-01,,0,NCCI-2026Q3
99213,92012,2003-04-01,2019-12-31,0,NCCI-2026Q3
99213,92014,2020-10-01,,0,NCCI-2026Q3
99213,92014,2003-04-01,2019-12-31,0,NCCI-2026Q3
99213,99211,2020-10-01,,1,NCCI-2026Q3
99213,99211,2014-07-01,2019-12-31,1,NCCI-2026Q3
99213,99212,2020-10-01,,1,NCCI-2026Q3
99213,99212,2014-07-01,2019-12-31,1,NCCI-2026Q3
99214,92004,2020-10-01,,0,NCCI-2026Q3
99214,92004,2003-04-01,2019-12-31,0,NCCI-2026Q3
99214,92012,2020-10-01,,0,NCCI-2026Q3
99214,92012,2003-04-01,2019-12-31,0,NCCI-2026Q3
99214,92014,2020-10-01,,0,NCCI-2026Q3
99214,92014,2003-04-01,2019-12-31,0,NCCI-2026Q3
99214,99211,2020-10-01,,1,NCCI-2026Q3
99214,99211,2014-07-01,2019-12-31,1,NCCI-2026Q3
99214,99212,2020-10-01,,1,NCCI-2026Q3
99214,99212,2014-07-01,2019-12-31,1,NCCI-2026Q3
99214,99213,2020-10-01,,1,NCCI-2026Q3
99214,99213,2014-07-01,2019-12-31,1,NCCI-2026Q3
99215,92004,2020-10-01,,0,NCCI-2026Q3
99215,92004,2003-04-01,2019-12-31,0,NCCI-2026Q3
99215,92012,2020-10-01,,0,NCCI-2026Q3
99215,92012,2003-04-01,2019-12-31,0,NCCI-2026Q3
99215,92014,2020-10-01,,0,NCCI-2026Q3
99215,92014,2003-04-01,2019-12-31,0,NCCI-2026Q3
99215,99211,2020-10-01,,1,NCCI-2026Q3
99215,99211,2014-07-01,2019-12-31,1,NCCI-2026Q3
99215,99212,2020-10-01,,1,NCCI-2026Q3
99215,99212,2014-07-01,2019-12-31,1,NCCI-2026Q3
99215,99213,2020-10-01,,1,NCCI-2026Q3
99215,99213,2014-07-01,2019-12-31,1,NCCI-2026Q3
99215,99214,2020-10-01,,1,NCCI-2026Q3
99215,99214,2014-07-01,2019-12-31,1,NCCI-2026Q3
99221,92004,2020-10-01,,0,NCCI-2026Q3
99221,92004,2003-04-01,2019-12-31,0,NCCI-2026Q3
99221,92012,2020-10-01,,0,NCCI-2026Q3
99221,92012,2003-04-01,2019-12-31,0,NCCI-2026Q3
99221,92014,2020-10-01,,0,NCCI-2026Q3
99221,92014,2003-04-01,2019-12-31,0,NCCI-2026Q3
99221,96372,2020-10-01,,1,NCCI-2026Q3
99221,96372,2009-01-01,2019-12-31,1,NCCI-2026Q3
99221,96374,2020-10-01,,1,NCCI-2026Q3
99221,96374,2009-01-01,2019-12-31,1,NCCI-2026Q3
99221,99201,2020-10-01,2020-12-31,1,NCCI-2026Q3
99221,99201,2009-04-01,2019-12-31,1,NCCI-2026Q3
99221,99202,2020-10-01,,1,NCCI-2026Q3
99221,99202,2009-04-01,2019-12-31,1,NCCI-2026Q3
99221,99203,2020-10-01,,1,NCCI-2026Q3
99221,99203,2009-04-01,2019-12-31,1,NCCI-2026Q3
99221,99204,2020-10-01,,1,NCCI-2026Q3
99221,99204,2009-04-01,2019-12-31,1,NCCI-2026Q3
99221,99205,2020-10-01,,1,NCCI-2026Q3
99221,99205,2009-04-01,2019-12-31,1,NCCI-2026Q3
99221,99211,2020-10-01,,1,NCCI-2026Q3
99221,99211,2009-04-01,2019-12-31,1,NCCI-2026Q3
99221,99212,2020-10-01,,1,NCCI-2026Q3
99221,99212,2009-04-01,2019-12-31,1,NCCI-2026Q3
99221,99213,2020-10-01,,1,NCCI-2026Q3
99221,99213,2009-04-01,2019-12-31,1,NCCI-2026Q3
99221,99214,2020-10-01,,1,NCCI-2026Q3
99221,99214,2009-04-01,2019-12-31,1,NCCI-2026Q3
99221,99215,2020-10-01,,1,NCCI-2026Q3
99221,99215,2009-04-01,2019-12-31,1,NCCI-2026Q3
99221,99231,2020-10-01,,0,NCCI-2026Q3
99221,99231,2007-04-01,2019-12-31,0,NCCI-2026Q3
99221,99232,2020-10-01,,0,NCCI-2026Q3
99221,99232,2007-04-01,2019-12-31,0,NCCI-2026Q3
99221,99233,2020-10-01,,0,NCCI-2026Q3
99221,99233,2007-04-01,2019-12-31,0,NCCI-2026Q3
99221,99281,2020-10-01,,0,NCCI-2026Q3
99221,99281,2009-04-01,2019-12-31,0,NCCI-2026Q3
99221,99282,2020-10-01,,0,NCCI-2026Q3
99221,99282,2009-04-01,2019-12-31,0,NCCI-2026Q3
99221,99283,2020-10-01,,0,NCCI-2026Q3
99221,99283,2009-04-01,2019-12-31,0,NCCI-2026Q3
99221,99284,2020-10-01,,0,NCCI-2026Q3
99221,99284,2009-04-01,2019-12-31,0,NCCI-2026Q3
99221,99285,2020-10-01,,0,NCCI-2026Q3
99221,99285,2009-04-01,2019-12-31,0,NCCI-2026Q3
99222,92004,2020-10-01,,0,NCCI-2026Q3
99222,92004,2003-04-01,2019-12-31,0,NCCI-2026Q3
99222,92012,2020-10-01,,0,NCCI-2026Q3
99222,92012,2003-04-01,2019-12-31,0,NCCI-2026Q3
99222,92014,2020-10-01,,0,NCCI-2026Q3
99222,92014,2003-04-01,2019-12-31,0,NCCI-2026Q3
99222,96372,2020-10-01,,1,NCCI-2026Q3
99222,96372,2009-01-01,2019-12-31,1,NCCI-2026Q3
99222,96374,2020-10-01,,1,NCCI-2026Q3
99222,96374,2009-01-01,2019-12-31,1,NCCI-2026Q3
99222,99201,2020-10-01,2020-12-31,1,NCCI-2026Q3
99222,99201,2009-04-01,2019-12-31,1,NCCI-2026Q3
99222,99202,2020-10-01,,1,NCCI-2026Q3
99222,99202,2009-04-01,2019-12-31,1,NCCI-2026Q3
99222,99203,2020-10-01,,1,NCCI-2026Q3
99222,99203,2009-04-01,2019-12-31,1,NCCI-2026Q3
99222,99204,2020-10-01,,1,NCCI-2026Q3
99222,99204,2009-04-01,2019-12-31,1,NCCI-2026Q3
99222,99205,2020-10-01,,1,NCCI-2026Q3
99222,99205,2009-04-01,2019-12-31,1,NCCI-2026Q3
99222,99211,2020-10-01,,1,NCCI-2026Q3
99222,99211,2009-04-01,2019-12-31,1,NCCI-2026Q3
99222,99212,2020-10-01,,1,NCCI-2026Q3
99222,99212,2009-04-01,2019-12-31,1,NCCI-2026Q3
99222,99213,2020-10-01,,1,NCCI-2026Q3
99222,99213,2009-04-01,2019-12-31,1,NCCI-2026Q3
99222,99214,2020-10-01,,1,NCCI-2026Q3
99222,99214,2009-04-01,2019-12-31,1,NCCI-2026Q3
99222,99215,2020-10-01,,1,NCCI-2026Q3
99222,99215,2009-04-01,2019-12-31,1,NCCI-2026Q3
99222,99221,2020-10-01,,0,NCCI-2026Q3
99222,99221,2007-04-01,2019-12-31,0,NCCI-2026Q3
99222,99231,2020-10-01,,0,NCCI-2026Q3
99222,99231,2007-04-01,2019-12-31,0,NCCI-2026Q3
99222,99232,2020-10-01,,0,NCCI-2026Q3
99222,99232,2007-04-01,2019-12-31,0,NCCI-2026Q3
99222,99233,2020-10-01,,0,NCCI-2026Q3
99222,99233,2007-04-01,2019-12-31,0,NCCI-2026Q3
99222,99281,2020-10-01,,0,NCCI-2026Q3
99222,99281,2009-04-01,2019-12-31,0,NCCI-2026Q3
99222,99282,2020-10-01,,0,NCCI-2026Q3
99222,99282,2009-04-01,2019-12-31,0,NCCI-2026Q3
99222,99283,2020-10-01,,0,NCCI-2026Q3
99222,99283,2009-04-01,2019-12-31,0,NCCI-2026Q3
99222,99284,2020-10-01,,0,NCCI-2026Q3
99222,99284,2009-04-01,2019-12-31,0,NCCI-2026Q3
99222,99285,2020-10-01,,0,NCCI-2026Q3
99222,99285,2009-04-01,2019-12-31,0,NCCI-2026Q3
99223,92004,2020-10-01,,0,NCCI-2026Q3
99223,92004,2003-04-01,2019-12-31,0,NCCI-2026Q3
99223,92012,2020-10-01,,0,NCCI-2026Q3
99223,92012,2003-04-01,2019-12-31,0,NCCI-2026Q3
99223,92014,2020-10-01,,0,NCCI-2026Q3
99223,92014,2003-04-01,2019-12-31,0,NCCI-2026Q3
99223,96372,2020-10-01,,1,NCCI-2026Q3
99223,96372,2009-01-01,2019-12-31,1,NCCI-2026Q3
99223,96374,2020-10-01,,1,NCCI-2026Q3
99223,96374,2009-01-01,2019-12-31,1,NCCI-2026Q3
99223,99201,2020-10-01,2020-12-31,1,NCCI-2026Q3
99223,99201,2009-04-01,2019-12-31,1,NCCI-2026Q3
99223,99202,2020-10-01,,1,NCCI-2026Q3
99223,99202,2009-04-01,2019-12-31,1,NCCI-2026Q3
99223,99203,2020-10-01,,1,NCCI-2026Q3
99223,99203,2009-04-01,2019-12-31,1,NCCI-2026Q3
99223,99204,2020-10-01,,1,NCCI-2026Q3
99223,99204,2009-04-01,2019-12-31,1,NCCI-2026Q3
99223,99205,2020-10-01,,1,NCCI-2026Q3
99223,99205,2009-04-01,2019-12-31,1,NCCI-2026Q3
99223,99211,2020-10-01,,1,NCCI-2026Q3
99223,99211,2009-04-01,2019-12-31,1,NCCI-2026Q3
99223,99212,2020-10-01,,1,NCCI-2026Q3
99223,99212,2009-04-01,2019-12-31,1,NCCI-2026Q3
99223,99213,2020-10-01,,1,NCCI-2026Q3
99223,99213,2009-04-01,2019-12-31,1,NCCI-2026Q3
99223,99214,2020-10-01,,1,NCCI-2026Q3
99223,99214,2009-04-01,2019-12-31,1,NCCI-2026Q3
99223,99215,2020-10-01,,1,NCCI-2026Q3
99223,99215,2009-04-01,2019-12-31,1,NCCI-2026Q3
99223,99221,2020-10-01,,0,NCCI-2026Q3
99223,99221,2007-04-01,2019-12-31,0,NCCI-2026Q3
99223,99222,2020-10-01,,0,NCCI-2026Q3
99223,99222,2007-04-01,2019-12-31,0,NCCI-2026Q3
99223,99231,2020-10-01,,0,NCCI-2026Q3
99223,99231,2007-04-01,2019-12-31,0,NCCI-2026Q3
99223,99232,2020-10-01,,0,NCCI-2026Q3
99223,99232,2007-04-01,2019-12-31,0,NCCI-2026Q3
99223,99233,2020-10-01,,0,NCCI-2026Q3
99223,99233,2007-04-01,2019-12-31,0,NCCI-2026Q3
99223,99281,2020-10-01,,0,NCCI-2026Q3
99223,99281,2009-04-01,2019-12-31,0,NCCI-2026Q3
99223,99282,2020-10-01,,0,NCCI-2026Q3
99223,99282,2009-04-01,2019-12-31,0,NCCI-2026Q3
99223,99283,2020-10-01,,0,NCCI-2026Q3
99223,99283,2009-04-01,2019-12-31,0,NCCI-2026Q3
99223,99284,2020-10-01,,0,NCCI-2026Q3
99223,99284,2009-04-01,2019-12-31,0,NCCI-2026Q3
99223,99285,2020-10-01,,0,NCCI-2026Q3
99223,99285,2009-04-01,2019-12-31,0,NCCI-2026Q3
99231,92004,2020-10-01,,0,NCCI-2026Q3
99231,92004,2003-04-01,2019-12-31,0,NCCI-2026Q3
99231,92012,2020-10-01,,0,NCCI-2026Q3
99231,92012,2003-04-01,2019-12-31,0,NCCI-2026Q3
99231,92014,2020-10-01,,0,NCCI-2026Q3
99231,92014,2003-04-01,2019-12-31,0,NCCI-2026Q3
99231,96372,2020-10-01,,0,NCCI-2026Q3
99231,96372,2009-01-01,2019-12-31,0,NCCI-2026Q3
99231,96374,2020-10-01,,0,NCCI-2026Q3
99231,96374,2009-01-01,2019-12-31,0,NCCI-2026Q3
99231,99281,2020-10-01,,0,NCCI-2026Q3
99231,99281,2016-01-01,2019-12-31,0,NCCI-2026Q3
99231,99282,2020-10-01,,0,NCCI-2026Q3
99231,99282,2016-01-01,2019-12-31,0,NCCI-2026Q3
99231,99283,2020-10-01,,0,NCCI-2026Q3
99231,99283,2016-01-01,2019-12-31,0,NCCI-2026Q3
99231,99284,2020-10-01,,0,NCCI-2026Q3
99231,99284,2016-01-01,2019-12-31,0,NCCI-2026Q3
99231,99285,2020-10-01,,0,NCCI-2026Q3
99231,99285,2016-01-01,2019-12-31,0,NCCI-2026Q3
99232,92004,2020-10-01,,0,NCCI-2026Q3
99232,92004,2003-04-01,2019-12-31,0,NCCI-2026Q3
99232,92012,2020-10-01,,0,NCCI-2026Q3
99232,92012,2003-04-01,2019-12-31,0,NCCI-2026Q3
99232,92014,2020-10-01,,0,NCCI-2026Q3
99232,92014,2003-04-01,2019-12-31,0,NCCI-2026Q3
99232,96372,2020-10-01,,0,NCCI-2026Q3
99232,96372,2009-01-01,2019-12-31,0,NCCI-2026Q3
99232,96374,2020-10-01,,0,NCCI-2026Q3
99232,96374,2009-01-01,2019-12-31,0,NCCI-2026Q3
99232,99231,2020-10-01,,0,NCCI-2026Q3
99232,99231,2007-04-01,2019-12-31,0,NCCI-2026Q3
99232,99281,2020-10-01,,0,NCCI-2026Q3
99232,99281,2016-01-01,2019-12-31,0,NCCI-2026Q3
99232,99282,2020-10-01,,0,NCCI-2026Q3
99232,99282,2016-01-01,2019-12-31,0,NCCI-2026Q3
99232,99283,2020-10-01,,0,NCCI-2026Q3
99232,99283,2016-01-01,2019-12-31,0,NCCI-2026Q3
99232,99284,2020-10-01,,0,NCCI-2026Q3
99232,99284,2016-01-01,2019-12-31,0,NCCI-2026Q3
99232,99285,2020-10-01,,0,NCCI-2026Q3
99232,99285,2016-01-01,2019-12-31,0,NCCI-2026Q3
99233,92004,2020-10-01,,0,NCCI-2026Q3
99233,92004,2003-04-01,2019-12-31,0,NCCI-2026Q3
99233,92012,2020-10-01,,0,NCCI-2026Q3
99233,92012,2003-04-01,2019-12-31,0,NCCI-2026Q3
99233,92014,2020-10-01,,0,NCCI-2026Q3
99233,92014,2003-04-01,2019-12-31,0,NCCI-2026Q3
99233,96372,2020-10-01,,0,NCCI-2026Q3
99233,96372,2009-01-01,2019-12-31,0,NCCI-2026Q3
99233,96374,2020-10-01,,0,NCCI-2026Q3
99233,96374,2009-01-01,2019-12-31,0,NCCI-2026Q3
99233,99231,2020-10-01,,0,NCCI-2026Q3
99233,99231,2007-04-01,2019-12-31,0,NCCI-2026Q3
99233,99232,2020-10-01,,0,NCCI-2026Q3
99233,99232,2007-04-01,2019-12-31,0,NCCI-2026Q3
99233,99281,2020-10-01,,0,NCCI-2026Q3
99233,99281,2016-01-01,2019-12-31,0,NCCI-2026Q3
99233,99282,2020-10-01,,0,NCCI-2026Q3
99233,99282,2016-01-01,2019-12-31,0,NCCI-2026Q3
99233,99283,2020-10-01,,0,NCCI-2026Q3
99233,99283,2016-01-01,2019-12-31,0,NCCI-2026Q3
99233,99284,2020-10-01,,0,NCCI-2026Q3
99233,99284,2016-01-01,2019-12-31,0,NCCI-2026Q3
99233,99285,2020-10-01,,0,NCCI-2026Q3
99233,99285,2016-01-01,2019-12-31,0,NCCI-2026Q3
99281,92004,2020-10-01,,0,NCCI-2026Q3
99281,92004,2003-04-01,2019-12-31,0,NCCI-2026Q3
99281,92012,2020-10-01,,0,NCCI-2026Q3
99281,92012,2003-04-01,2019-12-31,0,NCCI-2026Q3
99281,92014,2020-10-01,,0,NCCI-2026Q3
99281,92014,2003-04-01,2019-12-31,0,NCCI-2026Q3
99281,96372,2020-10-01,,1,NCCI-2026Q3
99281,96372,2009-01-01,2019-12-31,1,NCCI-2026Q3
99281,96374,2020-10-01,,1,NCCI-2026Q3
99281,96374,2009-01-01,2019-12-31,1,NCCI-2026Q3
99281,97161,2020-10-01,2020-10-01,9,NCCI-2026Q3
99281,97161,2020-01-01,2020-01-01,9,NCCI-2026Q3
99281,97162,2020-10-01,2020-10-01,9,NCCI-2026Q3
99281,97162,2020-01-01,2020-01-01,9,NCCI-2026Q3
99281,97163,2020-10-01,2020-10-01,9,NCCI-2026Q3
99281,97163,2020-01-01,2020-01-01,9,NCCI-2026Q3
99282,92004,2020-10-01,,0,NCCI-2026Q3
99282,92004,2003-04-01,2019-12-31,0,NCCI-2026Q3
99282,92012,2020-10-01,,0,NCCI-2026Q3
99282,92012,2003-04-01,2019-12-31,0,NCCI-2026Q3
99282,92014,2020-10-01,,0,NCCI-2026Q3
99282,92014,2003-04-01,2019-12-31,0,NCCI-2026Q3
99282,96372,2020-10-01,,1,NCCI-2026Q3
99282,96372,2009-01-01,2019-12-31,1,NCCI-2026Q3
99282,96374,2020-10-01,,1,NCCI-2026Q3
99282,96374,2009-01-01,2019-12-31,1,NCCI-2026Q3
99282,97161,2020-10-01,2020-10-01,9,NCCI-2026Q3
99282,97161,2020-01-01,2020-01-01,9,NCCI-2026Q3
99282,97162,2020-10-01,2020-10-01,9,NCCI-2026Q3
99282,97162,2020-01-01,2020-01-01,9,NCCI-2026Q3
99282,97163,2020-10-01,2020-10-01,9,NCCI-2026Q3
99282,97163,2020-01-01,2020-01-01,9,NCCI-2026Q3
99282,99281,2020-10-01,,1,NCCI-2026Q3
99282,99281,2014-07-01,2019-12-31,1,NCCI-2026Q3
99283,92004,2020-10-01,,0,NCCI-2026Q3
99283,92004,2003-04-01,2019-12-31,0,NCCI-2026Q3
99283,92012,2020-10-01,,0,NCCI-2026Q3
99283,92012,2003-04-01,2019-12-31,0,NCCI-2026Q3
99283,92014,2020-10-01,,0,NCCI-2026Q3
99283,92014,2003-04-01,2019-12-31,0,NCCI-2026Q3
99283,96372,2020-10-01,,1,NCCI-2026Q3
99283,96372,2009-01-01,2019-12-31,1,NCCI-2026Q3
99283,96374,2020-10-01,,1,NCCI-2026Q3
99283,96374,2009-01-01,2019-12-31,1,NCCI-2026Q3
99283,97161,2020-10-01,2020-10-01,9,NCCI-2026Q3
99283,97161,2020-01-01,2020-01-01,9,NCCI-2026Q3
99283,97162,2020-10-01,2020-10-01,9,NCCI-2026Q3
99283,97162,2020-01-01,2020-01-01,9,NCCI-2026Q3
99283,97163,2020-10-01,2020-10-01,9,NCCI-2026Q3
99283,97163,2020-01-01,2020-01-01,9,NCCI-2026Q3
99283,99281,2020-10-01,,1,NCCI-2026Q3
99283,99281,2014-07-01,2019-12-31,1,NCCI-2026Q3
99283,99282,2020-10-01,,1,NCCI-2026Q3
99283,99282,2014-07-01,2019-12-31,1,NCCI-2026Q3
99284,92004,2020-10-01,,0,NCCI-2026Q3
99284,92004,2003-04-01,2019-12-31,0,NCCI-2026Q3
99284,92012,2020-10-01,,0,NCCI-2026Q3
99284,92012,2003-04-01,2019-12-31,0,NCCI-2026Q3
99284,92014,2020-10-01,,0,NCCI-2026Q3
99284,92014,2003-04-01,2019-12-31,0,NCCI-2026Q3
99284,96372,2020-10-01,,1,NCCI-2026Q3
99284,96372,2009-01-01,2019-12-31,1,NCCI-2026Q3
99284,96374,2020-10-01,,1,NCCI-2026Q3
99284,96374,2009-01-01,2019-12-31,1,NCCI-2026Q3
99284,97161,2020-10-01,2020-10-01,9,NCCI-2026Q3
99284,97161,2020-01-01,2020-01-01,9,NCCI-2026Q3
99284,97162,2020-10-01,2020-10-01,9,NCCI-2026Q3
99284,97162,2020-01-01,2020-01-01,9,NCCI-2026Q3
99284,97163,2020-10-01,2020-10-01,9,NCCI-2026Q3
99284,97163,2020-01-01,2020-01-01,9,NCCI-2026Q3
99284,99281,2020-10-01,,1,NCCI-2026Q3
99284,99281,2014-07-01,2019-12-31,1,NCCI-2026Q3
99284,99282,2020-10-01,,1,NCCI-2026Q3
99284,99282,2014-07-01,2019-12-31,1,NCCI-2026Q3
99284,99283,2020-10-01,,1,NCCI-2026Q3
99284,99283,2014-07-01,2019-12-31,1,NCCI-2026Q3
99285,92004,2020-10-01,,0,NCCI-2026Q3
99285,92004,2003-04-01,2019-12-31,0,NCCI-2026Q3
99285,92012,2020-10-01,,0,NCCI-2026Q3
99285,92012,2003-04-01,2019-12-31,0,NCCI-2026Q3
99285,92014,2020-10-01,,0,NCCI-2026Q3
99285,92014,2003-04-01,2019-12-31,0,NCCI-2026Q3
99285,96372,2020-10-01,,1,NCCI-2026Q3
99285,96372,2009-01-01,2019-12-31,1,NCCI-2026Q3
99285,96374,2020-10-01,,1,NCCI-2026Q3
99285,96374,2009-01-01,2019-12-31,1,NCCI-2026Q3
99285,97161,2020-10-01,2020-10-01,9,NCCI-2026Q3
99285,97161,2020-01-01,2020-01-01,9,NCCI-2026Q3
99285,97162,2020-10-01,2020-10-01,9,NCCI-2026Q3
99285,97162,2020-01-01,2020-01-01,9,NCCI-2026Q3
99285,97163,2020-10-01,2020-10-01,9,NCCI-2026Q3
99285,97163,2020-01-01,2020-01-01,9,NCCI-2026Q3
99285,99281,2020-10-01,,1,NCCI-2026Q3
99285,99281,2014-07-01,2019-12-31,1,NCCI-2026Q3
99285,99282,2020-10-01,,1,NCCI-2026Q3
99285,99282,2014-07-01,2019-12-31,1,NCCI-2026Q3
99285,99283,2020-10-01,,1,NCCI-2026Q3
99285,99283,2014-07-01,2019-12-31,1,NCCI-2026Q3
99285,99284,2020-10-01,,1,NCCI-2026Q3
99285,99284,2014-07-01,2019-12-31,1,NCCI-2026Q3
G0008,90471,2002-04-01,2005-03-31,1,NCCI-2026Q3
G0008,90471,1999-01-01,2000-12-31,0,NCCI-2026Q3
G0008,90472,1999-01-01,2000-12-31,0,NCCI-2026Q3
G0008,99201,2000-10-30,2000-10-30,9,NCCI-2026Q3
G0008,99202,2000-10-30,2000-10-30,9,NCCI-2026Q3
G0008,99203,2000-10-30,2000-10-30,9,NCCI-2026Q3
G0008,99204,2000-10-30,2000-10-30,9,NCCI-2026Q3
G0008,99205,2000-10-30,2000-10-30,9,NCCI-2026Q3
G0008,99211,2021-10-01,,1,NCCI-2026Q3
G0008,99211,2020-10-01,2021-09-30,0,NCCI-2026Q3
G0008,99211,2006-01-01,2019-12-31,0,NCCI-2026Q3
G0008,99211,2000-10-30,2000-10-30,9,NCCI-2026Q3
G0008,99212,2000-10-30,2000-10-30,9,NCCI-2026Q3
G0008,99213,2000-10-30,2000-10-30,9,NCCI-2026Q3
G0008,99214,2000-10-30,2000-10-30,9,NCCI-2026Q3
G0008,99215,2000-10-30,2000-10-30,9,NCCI-2026Q3
G0008,99221,2000-10-30,2000-10-30,9,NCCI-2026Q3
G0008,99222,2000-10-30,2000-10-30,9,NCCI-2026Q3
G0008,99223,2000-10-30,2000-10-30,9,NCCI-2026Q3
G0008,99231,2000-10-30,2000-10-30,9,NCCI-2026Q3
G0008,99232,2000-10-30,2000-10-30,9,NCCI-2026Q3
G0008,99233,2000-10-30,2000-10-30,9,NCCI-2026Q3
10060,11720,1998-01-01,,1,NCCI-2026Q4
10060,11721,1998-01-01,,1,NCCI-2026Q4
10060,12001,2012-10-01,,1,NCCI-2026Q4
10060,12002,2012-10-01,,1,NCCI-2026Q4
10060,12004,2012-10-01,,1,NCCI-2026Q4
10060,12011,2012-10-01,,1,NCCI-2026Q4
10060,62323,2017-01-01,,0,NCCI-2026Q4
10060,64483,2000-07-01,,0,NCCI-2026Q4
10060,64484,2017-04-01,,0,NCCI-2026Q4
10060,92012,2014-04-01,,1,NCCI-2026Q4
10060,92012,2013-07-01,2013-07-01,9,NCCI-2026Q4
10060,92014,2014-04-01,,1,NCCI-2026Q4
10060,92014,2013-07-01,2013-07-01,9,NCCI-2026Q4
10060,93000,2009-04-01,,1,NCCI-2026Q4
10060,93005,2009-04-01,,1,NCCI-2026Q4
10060,93010,2009-04-01,,1,NCCI-2026Q4
10060,96372,2009-01-01,,1,NCCI-2026Q4
10060,96374,2009-01-01,,1,NCCI-2026Q4
10060,96375,2009-01-01,,1,NCCI-2026Q4
10060,97597,2005-01-01,,1,NCCI-2026Q4
10060,97598,2005-01-01,,1,NCCI-2026Q4
10060,99211,2020-10-01,,1,NCCI-2026Q4
10060,99211,2013-07-01,2019-12-31,1,NCCI-2026Q4
10060,99212,2020-10-01,,1,NCCI-2026Q4
10060,99212,2013-07-01,2019-12-31,1,NCCI-2026Q4
10060,99213,2020-10-01,,1,NCCI-2026Q4
10060,99213,2013-07-01,2019-12-31,1,NCCI-2026Q4
10060,99214,2020-10-01,,1,NCCI-2026Q4
10060,99214,2013-07-01,2019-12-31,1,NCCI-2026Q4
10060,99215,2020-10-01,,1,NCCI-2026Q4
10060,99215,2013-07-01,2019-12-31,1,NCCI-2026Q4
10060,99221,2020-10-01,,1,NCCI-2026Q4
10060,99221,2013-07-01,2019-12-31,1,NCCI-2026Q4
10060,99222,2020-10-01,,1,NCCI-2026Q4
10060,99222,2013-07-01,2019-12-31,1,NCCI-2026Q4
10060,99223,2020-10-01,,1,NCCI-2026Q4
10060,99223,2013-07-01,2019-12-31,1,NCCI-2026Q4
10060,99231,2020-10-01,,1,NCCI-2026Q4
10060,99231,2013-07-01,2019-12-31,1,NCCI-2026Q4
10060,99232,2020-10-01,,1,NCCI-2026Q4
10060,99232,2013-07-01,2019-12-31,1,NCCI-2026Q4
10060,99233,2020-10-01,,1,NCCI-2026Q4
10060,99233,2013-07-01,2019-12-31,1,NCCI-2026Q4
10061,10060,1996-01-01,,1,NCCI-2026Q4
10061,11720,1998-01-01,,1,NCCI-2026Q4
10061,11721,1998-01-01,,1,NCCI-2026Q4
10061,12001,2012-10-01,,1,NCCI-2026Q4
10061,12002,2012-10-01,,1,NCCI-2026Q4
10061,12004,2012-10-01,,1,NCCI-2026Q4
10061,12011,2012-10-01,,1,NCCI-2026Q4
10061,62323,2017-01-01,,0,NCCI-2026Q4
10061,64483,2000-07-01,,0,NCCI-2026Q4
10061,64484,2017-04-01,,0,NCCI-2026Q4
10061,92012,2014-04-01,,1,NCCI-2026Q4
10061,92012,2013-07-01,2013-07-01,9,NCCI-2026Q4
10061,92014,2014-04-01,,1,NCCI-2026Q4
10061,92014,2013-07-01,2013-07-01,9,NCCI-2026Q4
10061,93000,2009-04-01,,1,NCCI-2026Q4
10061,93005,2009-04-01,,1,NCCI-2026Q4
10061,93010,2009-04-01,,1,NCCI-2026Q4
10061,96372,2009-01-01,,1,NCCI-2026Q4
10061,96374,2009-01-01,,1,NCCI-2026Q4
10061,96375,2009-01-01,,1,NCCI-2026Q4
10061,97597,2005-01-01,,1,NCCI-2026Q4
10061,97598,2005-01-01,,1,NCCI-2026Q4
10061,99211,2020-10-01,,1,NCCI-2026Q4
10061,99211,2013-07-01,2019-12-31,1,NCCI-2026Q4
10061,99212,2020-10-01,,1,NCCI-2026Q4
10061,99212,2013-07-01,2019-12-31,1,NCCI-2026Q4
10061,99213,2020-10-01,,1,NCCI-2026Q4
10061,99213,2013-07-01,2019-12-31,1,NCCI-2026Q4
10061,99214,2020-10-01,,1,NCCI-2026Q4
10061,99214,2013-07-01,2019-12-31,1,NCCI-2026Q4
10061,99215,2020-10-01,,1,NCCI-2026Q4
10061,99215,2013-07-01,2019-12-31,1,NCCI-2026Q4
10061,99221,2020-10-01,,1,NCCI-2026Q4
10061,99221,2013-07-01,2019-12-31,1,NCCI-2026Q4
10061,99222,2020-10-01,,1,NCCI-2026Q4
10061,99222,2013-07-01,2019-12-31,1,NCCI-2026Q4
10061,99223,2020-10-01,,1,NCCI-2026Q4
10061,99223,2013-07-01,2019-12-31,1,NCCI-2026Q4
10061,99231,2020-10-01,,1,NCCI-2026Q4
10061,99231,2013-07-01,2019-12-31,1,NCCI-2026Q4
10061,99232,2020-10-01,,1,NCCI-2026Q4
10061,99232,2013-07-01,2019-12-31,1,NCCI-2026Q4
10061,99233,2020-10-01,,1,NCCI-2026Q4
10061,99233,2013-07-01,2019-12-31,1,NCCI-2026Q4
11042,10060,1996-01-01,,1,NCCI-2026Q4
11042,11720,1998-01-01,,1,NCCI-2026Q4
11042,11721,1998-01-01,,1,NCCI-2026Q4
11042,17000,2019-04-01,,1,NCCI-2026Q4
11042,62323,2017-01-01,,0,NCCI-2026Q4
11042,64483,2000-07-01,,0,NCCI-2026Q4
11042,64484,2017-04-01,,0,NCCI-2026Q4
11042,92012,2014-04-01,,1,NCCI-2026Q4
11042,92012,2013-07-01,2013-07-01,9,NCCI-2026Q4
11042,92014,2014-04-01,,1,NCCI-2026Q4
11042,92014,2013-07-01,2013-07-01,9,NCCI-2026Q4
11042,93000,2009-04-01,,1,NCCI-2026Q4
11042,93005,2009-04-01,,1,NCCI-2026Q4
11042,93010,2009-04-01,,1,NCCI-2026Q4
11042,96372,2009-01-01,,1,NCCI-2026Q4
11042,96374,2009-01-01,,1,NCCI-2026Q4
11042,96375,2009-01-01,,1,NCCI-2026Q4
11042,97597,2005-01-01,,1,NCCI-2026Q4
11042,97598,2005-01-01,,1,NCCI-2026Q4
11042,99211,2020-10-01,,1,NCCI-2026Q4
11042,99211,2013-07-01,2019-12-31,1,NCCI-2026Q4
11042,99212,2020-10-01,,1,NCCI-2026Q4
11042,99212,2013-07-01,2019-12-31,1,NCCI-2026Q4
11042,99213,2020-10-01,,1,NCCI-2026Q4
11042,99213,2013-07-01,2019-12-31,1,NCCI-2026Q4
11042,99214,2020-10-01,,1,NCCI-2026Q4
11042,99214,2013-07-01,2019-12-31,1,NCCI-2026Q4
11042,99215,2020-10-01,,1,NCCI-2026Q4
11042,99215,2013-07-01,2019-12-31,1,NCCI-2026Q4
11042,99221,2020-10-01,,1,NCCI-2026Q4
11042,99221,2013-07-01,2019-12-31,1,NCCI-2026Q4
11042,99222,2020-10-01,,1,NCCI-2026Q4
11042,99222,2013-07-01,2019-12-31,1,NCCI-2026Q4
11042,99223,2020-10-01,,1,NCCI-2026Q4
11042,99223,2013-07-01,2019-12-31,1,NCCI-2026Q4
11042,99231,2020-10-01,,1,NCCI-2026Q4
11042,99231,2013-07-01,2019-12-31,1,NCCI-2026Q4
11042,99232,2020-10-01,,1,NCCI-2026Q4
11042,99232,2013-07-01,2019-12-31,1,NCCI-2026Q4
11042,99233,2020-10-01,,1,NCCI-2026Q4
11042,99233,2013-07-01,2019-12-31,1,NCCI-2026Q4
11043,10060,1996-01-01,,1,NCCI-2026Q4
11043,10061,1996-01-01,,1,NCCI-2026Q4
11043,11042,1996-01-01,,1,NCCI-2026Q4
11043,11720,1998-01-01,,1,NCCI-2026Q4
11043,11721,1998-01-01,,1,NCCI-2026Q4
11043,12001,2012-10-01,,1,NCCI-2026Q4
11043,12002,1999-04-01,,1,NCCI-2026Q4
11043,12004,2012-10-01,,1,NCCI-2026Q4
11043,12011,1999-04-01,,1,NCCI-2026Q4
11043,62323,2017-01-01,,0,NCCI-2026Q4
11043,64483,2000-07-01,,0,NCCI-2026Q4
11043,64484,2017-04-01,,0,NCCI-2026Q4
11043,92012,2014-04-01,,1,NCCI-2026Q4
11043,92012,2013-07-01,2013-07-01,9,NCCI-2026Q4
11043,92014,2014-04-01,,1,NCCI-2026Q4
11043,92014,2013-07-01,2013-07-01,9,NCCI-2026Q4
11043,93000,2009-04-01,,1,NCCI-2026Q4
11043,93005,2009-04-01,,1,NCCI-2026Q4
11043,93010,2009-04-01,,1,NCCI-2026Q4
11043,96372,2009-01-01,,1,NCCI-2026Q4
11043,96374,2009-01-01,,1,NCCI-2026Q4
11043,96375,2009-01-01,,1,NCCI-2026Q4
11043,97597,2005-01-01,,1,NCCI-2026Q4
11043,97598,2005-01-01,,1,NCCI-2026Q4
11043,99211,2020-10-01,,1,NCCI-2026Q4
11043,99211,2013-07-01,2019-12-31,1,NCCI-2026Q4
11043,99212,2020-10-01,,1,NCCI-2026Q4
11043,99212,2013-07-01,2019-12-31,1,NCCI-2026Q4
11043,99213,2020-10-01,,1,NCCI-2026Q4
11043,99213,2013-07-01,2019-12-31,1,NCCI-2026Q4
11043,99214,2020-10-01,,1,NCCI-2026Q4
11043,99214,2013-07-01,2019-12-31,1,NCCI-2026Q4
11043,99215,2020-10-01,,1,NCCI-2026Q4
11043,99215,2013-07-01,2019-12-31,1,NCCI-2026Q4
11043,99221,2020-10-01,,1,NCCI-2026Q4
11043,99221,2013-07-01,2019-12-31,1,NCCI-2026Q4
11043,99222,2020-10-01,,1,NCCI-2026Q4
11043,99222,2013-07-01,2019-12-31,1,NCCI-2026Q4
11043,99223,2020-10-01,,1,NCCI-2026Q4
11043,99223,2013-07-01,2019-12-31,1,NCCI-2026Q4
11043,99231,2020-10-01,,1,NCCI-2026Q4
11043,99231,2013-07-01,2019-12-31,1,NCCI-2026Q4
11043,99232,2020-10-01,,1,NCCI-2026Q4
11043,99232,2013-07-01,2019-12-31,1,NCCI-2026Q4
11043,99233,2020-10-01,,1,NCCI-2026Q4
11043,99233,2013-07-01,2019-12-31,1,NCCI-2026Q4
11720,12001,2012-10-01,,1,NCCI-2026Q4
11720,12002,2012-10-01,,1,NCCI-2026Q4
11720,12004,2012-10-01,,1,NCCI-2026Q4
11720,12011,2012-10-01,,1,NCCI-2026Q4
11720,62323,2017-01-01,,0,NCCI-2026Q4
11720,64483,2009-04-01,,0,NCCI-2026Q4
11720,64484,2017-04-01,,0,NCCI-2026Q4
11720,92012,2014-04-01,,1,NCCI-2026Q4
11720,92012,2013-07-01,2013-07-01,9,NCCI-2026Q4
11720,92014,2014-04-01,,1,NCCI-2026Q4
11720,92014,2013-07-01,2013-07-01,9,NCCI-2026Q4
11720,93000,2009-04-01,,1,NCCI-2026Q4
11720,93005,2009-04-01,,1,NCCI-2026Q4
11720,93010,2009-04-01,,1,NCCI-2026Q4
11720,96372,2009-01-01,,1,NCCI-2026Q4
11720,96374,2009-01-01,,1,NCCI-2026Q4
11720,96375,2009-01-01,,1,NCCI-2026Q4
11720,99201,1999-01-01,2005-06-30,1,NCCI-2026Q4
11720,99202,1999-01-01,2005-06-30,1,NCCI-2026Q4
11720,99203,2020-10-01,,1,NCCI-2026Q4
11720,99203,1999-01-01,2019-12-31,1,NCCI-2026Q4
11720,99204,2020-10-01,,1,NCCI-2026Q4
11720,99204,1999-01-01,2019-12-31,1,NCCI-2026Q4
11720,99205,2020-10-01,,1,NCCI-2026Q4
11720,99205,1999-01-01,2019-12-31,1,NCCI-2026Q4
11720,99211,2020-10-01,,1,NCCI-2026Q4
11720,99211,1999-01-01,2019-12-31,1,NCCI-2026Q4
11720,99212,2020-10-01,,1,NCCI-2026Q4
11720,99212,1999-01-01,2019-12-31,1,NCCI-2026Q4
11720,99213,2020-10-01,,1,NCCI-2026Q4
11720,99213,1999-01-01,2019-12-31,1,NCCI-2026Q4
11720,99214,2020-10-01,,1,NCCI-2026Q4
11720,99214,1999-01-01,2019-12-31,1,NCCI-2026Q4
11720,99215,2020-10-01,,1,NCCI-2026Q4
11720,99215,1999-01-01,2019-12-31,1,NCCI-2026Q4
11720,99221,2020-10-01,,1,NCCI-2026Q4
11720,99221,1999-01-01,2019-12-31,1,NCCI-2026Q4
11720,99222,2020-10-01,,1,NCCI-2026Q4
11720,99222,1999-01-01,2019-12-31,1,NCCI-2026Q4
11720,99223,2020-10-01,,1,NCCI-2026Q4
11720,99223,1999-01-01,2019-12-31,1,NCCI-2026Q4
11720,99231,2020-10-01,,1,NCCI-2026Q4
11720,99231,1999-01-01,2019-12-31,1,NCCI-2026Q4
11720,99232,2020-10-01,,1,NCCI-2026Q4
11720,99232,1999-01-01,2019-12-31,1,NCCI-2026Q4
11720,99233,2020-10-01,,1,NCCI-2026Q4
11720,99233,1999-01-01,2019-12-31,1,NCCI-2026Q4
11720,99281,2020-10-01,,1,NCCI-2026Q4
11720,99281,1999-01-01,2019-12-31,1,NCCI-2026Q4
11720,99282,2020-10-01,,1,NCCI-2026Q4
11720,99282,1999-01-01,2019-12-31,1,NCCI-2026Q4
11720,99283,2020-10-01,,1,NCCI-2026Q4
11720,99283,1999-01-01,2019-12-31,1,NCCI-2026Q4
11720,99284,2020-10-01,,1,NCCI-2026Q4
11720,99284,1999-01-01,2019-12-31,1,NCCI-2026Q4
11720,99285,2020-10-01,,1,NCCI-2026Q4
11720,99285,1999-01-01,2019-12-31,1,NCCI-2026Q4
11721,11720,1997-01-01,,0,NCCI-2026Q4
11721,12001,2012-10-01,,1,NCCI-2026Q4
11721,12002,2012-10-01,,1,NCCI-2026Q4
11721,12004,2012-10-01,,1,NCCI-2026Q4
11721,12011,2012-10-01,,1,NCCI-2026Q4
11721,62323,2017-01-01,,0,NCCI-2026Q4
11721,64483,2009-04-01,,0,NCCI-2026Q4
11721,64484,2017-04-01,,0,NCCI-2026Q4
11721,92012,2014-04-01,,1,NCCI-2026Q4
11721,92012,2013-07-01,2013-07-01,9,NCCI-2026Q4
11721,92014,2014-04-01,,1,NCCI-2026Q4
11721,92014,2013-07-01,2013-07-01,9,NCCI-2026Q4
11721,93000,2009-04-01,,1,NCCI-2026Q4
11721,93005,2009-04-01,,1,NCCI-2026Q4
11721,93010,2009-04-01,,1,NCCI-2026Q4
11721,96372,2009-01-01,,1,NCCI-2026Q4
11721,96374,2009-01-01,,1,NCCI-2026Q4
11721,96375,2009-01-01,,1,NCCI-2026Q4
11721,99201,1999-01-01,2005-06-30,1,NCCI-2026Q4
11721,99202,1999-01-01,2005-06-30,1,NCCI-2026Q4
11721,99203,2020-10-01,,1,NCCI-2026Q4
11721,99203,1999-01-01,2019-12-31,1,NCCI-2026Q4
11721,99204,2020-10-01,,1,NCCI-2026Q4
11721,99204,1999-01-01,2019-12-31,1,NCCI-2026Q4
11721,99205,2020-10-01,,1,NCCI-2026Q4
11721,99205,1999-01-01,2019-12-31,1,NCCI-2026Q4
11721,99211,2020-10-01,,1,NCCI-2026Q4
11721,99211,1999-01-01,2019-12-31,1,NCCI-2026Q4
11721,99212,2020-10-01,,1,NCCI-2026Q4
11721,99212,1999-01-01,2019-12-31,1,NCCI-2026Q4
11721,99213,2020-10-01,,1,NCCI-2026Q4
11721,99213,1999-01-01,2019-12-31,1,NCCI-2026Q4
11721,99214,2020-10-01,,1,NCCI-2026Q4
11721,99214,1999-01-01,2019-12-31,1,NCCI-2026Q4
11721,99215,2020-10-01,,1,NCCI-2026Q4
11721,99215,1999-01-01,2019-12-31,1,NCCI-2026Q4
11721,99221,2020-10-01,,1,NCCI-2026Q4
11721,99221,1999-01-01,2019-12-31,1,NCCI-2026Q4
11721,99222,2020-10-01,,1,NCCI-2026Q4
11721,99222,1999-01-01,2019-12-31,1,NCCI-2026Q4
11721,99223,2020-10-01,,1,NCCI-2026Q4
11721,99223,1999-01-01,2019-12-31,1,NCCI-2026Q4
11721,99231,2020-10-01,,1,NCCI-2026Q4
11721,99231,1999-01-01,2019-12-31,1,NCCI-2026Q4
11721,99232,2020-10-01,,1,NCCI-2026Q4
11721,99232,1999-01-01,2019-12-31,1,NCCI-2026Q4
11721,99233,2020-10-01,,1,NCCI-2026Q4
11721,99233,1999-01-01,2019-12-31,1,NCCI-2026Q4
11721,99281,2020-10-01,,1,NCCI-2026Q4
11721,99281,1999-01-01,2019-12-31,1,NCCI-2026Q4
11721,99282,2020-10-01,,1,NCCI-2026Q4
11721,99282,1999-01-01,2019-12-31,1,NCCI-2026Q4
11721,99283,2020-10-01,,1,NCCI-2026Q4
11721,99283,1999-01-01,2019-12-31,1,NCCI-2026Q4
11721,99284,2020-10-01,,1,NCCI-2026Q4
11721,99284,1999-01-01,2019-12-31,1,NCCI-2026Q4
11721,99285,2020-10-01,,1,NCCI-2026Q4
11721,99285,1999-01-01,2019-12-31,1,NCCI-2026Q4
12001,11042,1999-04-01,,1,NCCI-2026Q4
12001,12011,1996-01-01,2019-12-31,1,NCCI-2026Q4
12001,64483,2009-04-01,,0,NCCI-2026Q4
12001,64484,2017-04-01,,0,NCCI-2026Q4
12001,92012,2014-04-01,,1,NCCI-2026Q4
12001,92012,2013-07-01,2013-07-01,9,NCCI-2026Q4
12001,92014,2014-04-01,,1,NCCI-2026Q4
12001,92014,2013-07-01,2013-07-01,9,NCCI-2026Q4
12001,93000,2009-04-01,,1,NCCI-2026Q4
12001,93005,2009-04-01,,1,NCCI-2026Q4
12001,93010,2009-04-01,,1,NCCI-2026Q4
12001,96372,2009-01-01,,1,NCCI-2026Q4
12001,96374,2009-01-01,,1,NCCI-2026Q4
12001,96375,2009-01-01,,1,NCCI-2026Q4
12001,97597,2005-01-01,,1,NCCI-2026Q4
12001,97598,2005-01-01,,1,NCCI-2026Q4
12001,99211,2020-10-01,,1,NCCI-2026Q4
12001,99211,2013-07-01,2019-12-31,1,NCCI-2026Q4
12001,99212,2020-10-01,,1,NCCI-2026Q4
12001,99212,2013-07-01,2019-12-31,1,NCCI-2026Q4
12001,99213,2020-10-01,,1,NCCI-2026Q4
12001,99213,2013-07-01,2019-12-31,1,NCCI-2026Q4
12001,99214,2020-10-01,,1,NCCI-2026Q4
12001,99214,2013-07-01,2019-12-31,1,NCCI-2026Q4
12001,99215,2020-10-01,,1,NCCI-2026Q4
12001,99215,2013-07-01,2019-12-31,1,NCCI-2026Q4
12001,99221,2020-10-01,,1,NCCI-2026Q4
12001,99221,2013-07-01,2019-12-31,1,NCCI-2026Q4
12001,99222,2020-10-01,,1,NCCI-2026Q4
12001,99222,2013-07-01,2019-12-31,1,NCCI-2026Q4
12001,99223,2020-10-01,,1,NCCI-2026Q4
12001,99223,2013-07-01,2019-12-31,1,NCCI-2026Q4
12001,99231,2020-10-01,,1,NCCI-2026Q4
12001,99231,2013-07-01,2019-12-31,1,NCCI-2026Q4
12001,99232,2020-10-01,,1,NCCI-2026Q4
12001,99232,2013-07-01,2019-12-31,1,NCCI-2026Q4
12001,99233,2020-10-01,,1,NCCI-2026Q4
12001,99233,2013-07-01,2019-12-31,1,NCCI-2026Q4
12002,11042,1999-04-01,,1,NCCI-2026Q4
12002,12001,1996-01-01,,0,NCCI-2026Q4
12002,64483,2009-04-01,,0,NCCI-2026Q4
12002,64484,2017-04-01,,0,NCCI-2026Q4
12002,92012,2014-04-01,,1,NCCI-2026Q4
12002,92012,2013-07-01,2013-07-01,9,NCCI-2026Q4
12002,92014,2014-04-01,,1,NCCI-2026Q4
12002,92014,2013-07-01,2013-07-01,9,NCCI-2026Q4
12002,93000,2009-04-01,,1,NCCI-2026Q4
12002,93005,2009-04-01,,1,NCCI-2026Q4
12002,93010,2009-04-01,,1,NCCI-2026Q4
12002,96372,2009-01-01,,1,NCCI-2026Q4
12002,96374,2009-01-01,,1,NCCI-2026Q4
12002,96375,2009-01-01,,1,NCCI-2026Q4
12002,97597,2005-01-01,,1,NCCI-2026Q4
12002,97598,2005-01-01,,1,NCCI-2026Q4
12002,99211,2020-10-01,,1,NCCI-2026Q4
12002,99211,2013-07-01,2019-12-31,1,NCCI-2026Q4
12002,99212,2020-10-01,,1,NCCI-2026Q4
12002,99212,2013-07-01,2019-12-31,1,NCCI-2026Q4
12002,99213,2020-10-01,,1,NCCI-2026Q4
12002,99213,2013-07-01,2019-12-31,1,NCCI-2026Q4
12002,99214,2020-10-01,,1,NCCI-2026Q4
12002,99214,2013-07-01,2019-12-31,1,NCCI-2026Q4
12002,99215,2020-10-01,,1,NCCI-2026Q4
12002,99215,2013-07-01,2019-12-31,1,NCCI-2026Q4
12002,99221,2020-10-01,,1,NCCI-2026Q4
12002,99221,2013-07-01,2019-12-31,1,NCCI-2026Q4
12002,99222,2020-10-01,,1,NCCI-2026Q4
12002,99222,2013-07-01,2019-12-31,1,NCCI-2026Q4
12002,99223,2020-10-01,,1,NCCI-2026Q4
12002,99223,2013-07-01,2019-12-31,1,NCCI-2026Q4
12002,99231,2020-10-01,,1,NCCI-2026Q4
12002,99231,2013-07-01,2019-12-31,1,NCCI-2026Q4
12002,99232,2020-10-01,,1,NCCI-2026Q4
12002,99232,2013-07-01,2019-12-31,1,NCCI-2026Q4
12002,99233,2020-10-01,,1,NCCI-2026Q4
12002,99233,2013-07-01,2019-12-31,1,NCCI-2026Q4
12004,11042,1999-04-01,,1,NCCI-2026Q4
12004,12001,1996-01-01,,0,NCCI-2026Q4
12004,12002,1996-01-01,,0,NCCI-2026Q4
12004,64483,2009-04-01,,0,NCCI-2026Q4
12004,64484,2017-04-01,,0,NCCI-2026Q4
12004,92012,2014-04-01,,1,NCCI-2026Q4
12004,92012,2013-07-01,2013-07-01,9,NCCI-2026Q4
12004,92014,2014-04-01,,1,NCCI-2026Q4
12004,92014,2013-07-01,2013-07-01,9,NCCI-2026Q4
12004,93000,2009-04-01,,1,NCCI-2026Q4
12004,93005,2009-04-01,,1,NCCI-2026Q4
12004,93010,2009-04-01,,1,NCCI-2026Q4
12004,96372,2009-01-01,,1,NCCI-2026Q4
12004,96374,2009-01-01,,1,NCCI-2026Q4
12004,96375,2009-01-01,,1,NCCI-2026Q4
12004,97597,2005-01-01,,1,NCCI-2026Q4
12004,97598,2005-01-01,,1,NCCI-2026Q4
12004,99211,2020-10-01,,1,NCCI-2026Q4
12004,99211,2013-07-01,2019-12-31,1,NCCI-2026Q4
12004,99212,2020-10-01,,1,NCCI-2026Q4
12004,99212,2013-07-01,2019-12-31,1,NCCI-2026Q4
12004,99213,2020-10-01,,1,NCCI-2026Q4
12004,99213,2013-07-01,2019-12-31,1,NCCI-2026Q4
12004,99214,2020-10-01,,1,NCCI-2026Q4
12004,99214,2013-07-01,2019-12-31,1,NCCI-2026Q4
12004,99215,2020-10-01,,1,NCCI-2026Q4
12004,99215,2013-07-01,2019-12-31,1,NCCI-2026Q4
12004,99221,2020-10-01,,1,NCCI-2026Q4
12004,99221,2013-07-01,2019-12-31,1,NCCI-2026Q4
12004,99222,2020-10-01,,1,NCCI-2026Q4
12004,99222,2013-07-01,2019-12-31,1,NCCI-2026Q4
12004,99223,2020-10-01,,1,NCCI-2026Q4
12004,99223,2013-07-01,2019-12-31,1,NCCI-2026Q4
12004,99231,2020-10-01,,1,NCCI-2026Q4
12004,99231,2013-07-01,2019-12-31,1,NCCI-2026Q4
12004,99232,2020-10-01,,1,NCCI-2026Q4
12004,99232,2013-07-01,2019-12-31,1,NCCI-2026Q4
12004,99233,2020-10-01,,1,NCCI-2026Q4
12004,99233,2013-07-01,2019-12-31,1,NCCI-2026Q4
12011,11042,1999-04-01,,1,NCCI-2026Q4
12011,12001,2020-01-01,,1,NCCI-2026Q4
12011,64483,2009-04-01,,0,NCCI-2026Q4
12011,64484,2017-04-01,,0,NCCI-2026Q4
12011,92012,2014-04-01,,1,NCCI-2026Q4
12011,92012,2013-07-01,2013-07-01,9,NCCI-2026Q4
12011,92014,2014-04-01,,1,NCCI-2026Q4
12011,92014,2013-07-01,2013-07-01,9,NCCI-2026Q4
12011,93000,2009-04-01,,1,NCCI-2026Q4
12011,93005,2009-04-01,,1,NCCI-2026Q4
12011,93010,2009-04-01,,1,NCCI-2026Q4
12011,96372,2009-01-01,,1,NCCI-2026Q4
12011,96374,2009-01-01,,1,NCCI-2026Q4
12011,96375,2009-01-01,,1,NCCI-2026Q4
12011,97597,2005-01-01,,1,NCCI-2026Q4
12011,97598,2005-01-01,,1,NCCI-2026Q4
12011,99211,2020-10-01,,1,NCCI-2026Q4
12011,99211,2013-07-01,2019-12-31,1,NCCI-2026Q4
12011,99212,2020-10-01,,1,NCCI-2026Q4
12011,99212,2013-07-01,2019-12-31,1,NCCI-2026Q4
12011,99213,2020-10-01,,1,NCCI-2026Q4
12011,99213,2013-07-01,2019-12-31,1,NCCI-2026Q4
12011,99214,2020-10-01,,1,NCCI-2026Q4
12011,99214,2013-07-01,2019-12-31,1,NCCI-2026Q4
12011,99215,2020-10-01,,1,NCCI-2026Q4
12011,99215,2013-07-01,2019-12-31,1,NCCI-2026Q4
12011,99221,2020-10-01,,1,NCCI-2026Q4
12011,99221,2013-07-01,2019-12-31,1,NCCI-2026Q4
12011,99222,2020-10-01,,1,NCCI-2026Q4
12011,99222,2013-07-01,2019-12-31,1,NCCI-2026Q4
12011,99223,2020-10-01,,1,NCCI-2026Q4
12011,99223,2013-07-01,2019-12-31,1,NCCI-2026Q4
12011,99231,2020-10-01,,1,NCCI-2026Q4
12011,99231,2013-07-01,2019-12-31,1,NCCI-2026Q4
12011,99232,2020-10-01,,1,NCCI-2026Q4
12011,99232,2013-07-01,2019-12-31,1,NCCI-2026Q4
12011,99233,2020-10-01,,1,NCCI-2026Q4
12011,99233,2013-07-01,2019-12-31,1,NCCI-2026Q4
17000,11042,1998-04-01,2019-03-31,1,NCCI-2026Q4
17000,12001,2012-10-01,,1,NCCI-2026Q4
17000,12002,2012-10-01,,1,NCCI-2026Q4
17000,12004,2012-10-01,,1,NCCI-2026Q4
17000,12011,2012-10-01,,1,NCCI-2026Q4
17000,62323,2017-01-01,,0,NCCI-2026Q4
17000,64483,2009-04-01,,0,NCCI-2026Q4
17000,64484,2017-04-01,,0,NCCI-2026Q4
17000,92012,2014-04-01,,1,NCCI-2026Q4
17000,92012,2013-07-01,2013-07-01,9,NCCI-2026Q4
17000,92014,2014-04-01,,1,NCCI-2026Q4
17000,92014,2013-07-01,2013-07-01,9,NCCI-2026Q4
17000,93000,2009-04-01,,1,NCCI-2026Q4
17000,93005,2009-04-01,,1,NCCI-2026Q4
17000,93010,2009-04-01,,1,NCCI-2026Q4
17000,96372,2009-01-01,,1,NCCI-2026Q4
17000,96374,2009-01-01,,1,NCCI-2026Q4
17000,96375,2009-01-01,,1,NCCI-2026Q4
17000,97597,2005-01-01,,1,NCCI-2026Q4
17000,97598,2005-01-01,,1,NCCI-2026Q4
17000,99211,2020-10-01,,1,NCCI-2026Q4
17000,99211,2013-07-01,2019-12-31,1,NCCI-2026Q4
17000,99212,2020-10-01,,1,NCCI-2026Q4
17000,99212,2013-07-01,2019-12-31,1,NCCI-2026Q4
17000,99213,2020-10-01,,1,NCCI-2026Q4
17000,99213,2013-07-01,2019-12-31,1,NCCI-2026Q4
17000,99214,2020-10-01,,1,NCCI-2026Q4
17000,99214,2013-07-01,2019-12-31,1,NCCI-2026Q4
17000,99215,2020-10-01,,1,NCCI-2026Q4
17000,99215,2013-07-01,2019-12-31,1,NCCI-2026Q4
17000,99221,2020-10-01,,1,NCCI-2026Q4
17000,99221,2013-07-01,2019-12-31,1,NCCI-2026Q4
17000,99222,2020-10-01,,1,NCCI-2026Q4
17000,99222,2013-07-01,2019-12-31,1,NCCI-2026Q4
17000,99223,2020-10-01,,1,NCCI-2026Q4
17000,99223,2013-07-01,2019-12-31,1,NCCI-2026Q4
17000,99231,2020-10-01,,1,NCCI-2026Q4
17000,99231,2013-07-01,2019-12-31,1,NCCI-2026Q4
17000,99232,2020-10-01,,1,NCCI-2026Q4
17000,99232,2013-07-01,2019-12-31,1,NCCI-2026Q4
17000,99233,2020-10-01,,1,NCCI-2026Q4
17000,99233,2013-07-01,2019-12-31,1,NCCI-2026Q4
17004,11042,1998-04-01,,1,NCCI-2026Q4
17004,12001,2012-10-01,,1,NCCI-2026Q4
17004,12002,2012-10-01,,1,NCCI-2026Q4
17004,12004,2012-10-01,,1,NCCI-2026Q4
17004,12011,2012-10-01,,1,NCCI-2026Q4
17004,17000,1998-04-01,,0,NCCI-2026Q4
17004,17003,1998-04-01,,0,NCCI-2026Q4
17004,62323,2017-01-01,,0,NCCI-2026Q4
17004,64483,2009-04-01,,0,NCCI-2026Q4
17004,64484,2017-04-01,,0,NCCI-2026Q4
17004,92012,2014-04-01,,1,NCCI-2026Q4
17004,92012,2013-07-01,2013-07-01,9,NCCI-2026Q4
17004,92014,2014-04-01,,1,NCCI-2026Q4
17004,92014,2013-07-01,2013-07-01,9,NCCI-2026Q4
17004,93000,2009-04-01,,1,NCCI-2026Q4
17004,93005,2009-04-01,,1,NCCI-2026Q4
17004,93010,2009-04-01,,1,NCCI-2026Q4
17004,96372,2009-01-01,,1,NCCI-2026Q4
17004,96374,2009-01-01,,1,NCCI-2026Q4
17004,96375,2009-01-01,,1,NCCI-2026Q4
17004,97597,2005-01-01,,1,NCCI-2026Q4
17004,97598,2005-01-01,,1,NCCI-2026Q4
17004,99211,2020-10-01,,1,NCCI-2026Q4
17004,99211,2013-07-01,2019-12-31,1,NCCI-2026Q4
17004,99212,2020-10-01,,1,NCCI-2026Q4
17004,99212,2013-07-01,2019-12-31,1,NCCI-2026Q4
17004,99213,2020-10-01,,1,NCCI-2026Q4
17004,99213,2013-07-01,2019-12-31,1,NCCI-2026Q4
17004,99214,2020-10-01,,1,NCCI-2026Q4
17004,99214,2013-07-01,2019-12-31,1,NCCI-2026Q4
17004,99215,2020-10-01,,1,NCCI-2026Q4
17004,99215,2013-07-01,2019-12-31,1,NCCI-2026Q4
17004,99221,2020-10-01,,1,NCCI-2026Q4
17004,99221,2013-07-01,2019-12-31,1,NCCI-2026Q4
17004,99222,2020-10-01,,1,NCCI-2026Q4
17004,99222,2013-07-01,2019-12-31,1,NCCI-2026Q4
17004,99223,2020-10-01,,1,NCCI-2026Q4
17004,99223,2013-07-01,2019-12-31,1,NCCI-2026Q4
17004,99231,2020-10-01,,1,NCCI-2026Q4
17004,99231,2013-07-01,2019-12-31,1,NCCI-2026Q4
17004,99232,2020-10-01,,1,NCCI-2026Q4
17004,99232,2013-07-01,2019-12-31,1,NCCI-2026Q4
17004,99233,2020-10-01,,1,NCCI-2026Q4
17004,99233,2013-07-01,2019-12-31,1,NCCI-2026Q4
20610,10060,1996-01-01,,1,NCCI-2026Q4
20610,10061,1996-01-01,,1,NCCI-2026Q4
20610,12001,1999-01-01,,1,NCCI-2026Q4
20610,12002,1999-01-01,,1,NCCI-2026Q4
20610,64484,2017-04-01,,1,NCCI-2026Q4
20610,76942,2015-01-01,,1,NCCI-2026Q4
20610,92012,2014-04-01,,1,NCCI-2026Q4
20610,92012,2013-07-01,2013-07-01,9,NCCI-2026Q4
20610,92014,2014-04-01,,1,NCCI-2026Q4
20610,92014,2013-07-01,2013-07-01,9,NCCI-2026Q4
20610,93000,2009-04-01,,1,NCCI-2026Q4
20610,93005,2009-04-01,,1,NCCI-2026Q4
20610,93010,2009-04-01,,1,NCCI-2026Q4
20610,96372,2009-01-01,,1,NCCI-2026Q4
20610,96374,2009-01-01,,1,NCCI-2026Q4
20610,96375,2009-01-01,,1,NCCI-2026Q4
20610,99211,2020-10-01,,1,NCCI-2026Q4
20610,99211,2013-07-01,2019-12-31,1,NCCI-2026Q4
20610,99212,2020-10-01,,1,NCCI-2026Q4
20610,99212,2013-07-01,2019-12-31,1,NCCI-2026Q4
20610,99213,2020-10-01,,1,NCCI-2026Q4
20610,99213,2013-07-01,2019-12-31,1,NCCI-2026Q4
20610,99214,2020-10-01,,1,NCCI-2026Q4
20610,99214,2013-07-01,2019-12-31,1,NCCI-2026Q4
20610,99215,2020-10-01,,1,NCCI-2026Q4
20610,99215,2013-07-01,2019-12-31,1,NCCI-2026Q4
20610,99221,2020-10-01,,1,NCCI-2026Q4
20610,99221,2013-07-01,2019-12-31,1,NCCI-2026Q4
20610,99222,2020-10-01,,1,NCCI-2026Q4
20610,99222,2013-07-01,2019-12-31,1,NCCI-2026Q4
20610,99223,2020-10-01,,1,NCCI-2026Q4
20610,99223,2013-07-01,2019-12-31,1,NCCI-2026Q4
20610,99231,2020-10-01,,1,NCCI-2026Q4
20610,99231,2013-07-01,2019-12-31,1,NCCI-2026Q4
20610,99232,2020-10-01,,1,NCCI-2026Q4
20610,99232,2013-07-01,2019-12-31,1,NCCI-2026Q4
20610,99233,2020-10-01,,1,NCCI-2026Q4
20610,99233,2013-07-01,2019-12-31,1,NCCI-2026Q4
20611,10060,2015-01-01,,1,NCCI-2026Q4
20611,10061,2015-01-01,,1,NCCI-2026Q4
20611,12001,2015-01-01,,1,NCCI-2026Q4
20611,12002,2015-01-01,,1,NCCI-2026Q4
20611,12004,2015-01-01,,1,NCCI-2026Q4
20611,12011,2015-01-01,,1,NCCI-2026Q4
20611,20610,2015-01-01,,1,NCCI-2026Q4
20611,62323,2017-01-01,,1,NCCI-2026Q4
20611,64483,2015-01-01,,1,NCCI-2026Q4
20611,64484,2017-04-01,,1,NCCI-2026Q4
20611,76942,2015-01-01,,1,NCCI-2026Q4
20611,92012,2015-01-01,,1,NCCI-2026Q4
20611,92014,2015-01-01,,1,NCCI-2026Q4
20611,93000,2015-01-01,,1,NCCI-2026Q4
20611,93005,2015-01-01,,1,NCCI-2026Q4
20611,93010,2015-01-01,,1,NCCI-2026Q4
20611,96372,2015-01-01,,1,NCCI-2026Q4
20611,96374,2015-01-01,,1,NCCI-2026Q4
20611,96375,2015-01-01,,1,NCCI-2026Q4
20611,99211,2020-10-01,,1,NCCI-2026Q4
20611,99211,2015-01-01,2019-12-31,1,NCCI-2026Q4
20611,99212,2020-10-01,,1,NCCI-2026Q4
20611,99212,2015-01-01,2019-12-31,1,NCCI-2026Q4
20611,99213,2020-10-01,,1,NCCI-2026Q4
20611,99213,2015-01-01,2019-12-31,1,NCCI-2026Q4
20611,99214,2020-10-01,,1,NCCI-2026Q4
20611,99214,2015-01-01,2019-12-31,1,NCCI-2026Q4
20611,99215,2020-10-01,,1,NCCI-2026Q4
20611,99215,2015-01-01,2019-12-31,1,NCCI-2026Q4
20611,99221,2020-10-01,,1,NCCI-2026Q4
20611,99221,2015-01-01,2019-12-31,1,NCCI-2026Q4
20611,99222,2020-10-01,,1,NCCI-2026Q4
20611,99222,2015-01-01,2019-12-31,1,NCCI-2026Q4
20611,99223,2020-10-01,,1,NCCI-2026Q4
20611,99223,2015-01-01,2019-12-31,1,NCCI-2026Q4
20611,99231,2020-10-01,,1,NCCI-2026Q4
20611,99231,2015-01-01,2019-12-31,1,NCCI-2026Q4
20611,99232,2020-10-01,,1,NCCI-2026Q4
20611,99232,2015-01-01,2019-12-31,1,NCCI-2026Q4
20611,99233,2020-10-01,,1,NCCI-2026Q4
20611,99233,2015-01-01,2019-12-31,1,NCCI-2026Q4
27447,11042,2016-10-01,,1,NCCI-2026Q4
27447,11043,2016-10-01,,1,NCCI-2026Q4
27447,12001,2012-10-01,,1,NCCI-2026Q4
27447,12002,2012-10-01,,1,NCCI-2026Q4
27447,12004,2012-10-01,,1,NCCI-2026Q4
27447,12011,2012-10-01,,1,NCCI-2026Q4
27447,20610,1996-01-01,,1,NCCI-2026Q4
27447,20611,2015-01-01,,1,NCCI-2026Q4
27447,29875,1999-01-01,,1,NCCI-2026Q4
27447,29876,1996-01-01,,1,NCCI-2026Q4
27447,29880,1996-01-01,,1,NCCI-2026Q4
27447,29881,1996-01-01,,1,NCCI-2026Q4
27447,62323,2017-01-01,,0,NCCI-2026Q4
27447,64483,2009-04-01,,0,NCCI-2026Q4
27447,64484,2017-04-01,,0,NCCI-2026Q4
27447,92012,2014-04-01,,1,NCCI-2026Q4
27447,92012,2013-07-01,2013-07-01,9,NCCI-2026Q4
27447,92014,2014-04-01,,1,NCCI-2026Q4
27447,92014,2013-07-01,2013-07-01,9,NCCI-2026Q4
27447,93000,2009-04-01,,1,NCCI-2026Q4
27447,93005,2009-04-01,,1,NCCI-2026Q4
27447,93010,2009-04-01,,1,NCCI-2026Q4
27447,96372,2009-01-01,,1,NCCI-2026Q4
27447,96374,2009-01-01,,1,NCCI-2026Q4
27447,96375,2009-01-01,,1,NCCI-2026Q4
27447,97597,2016-10-01,,1,NCCI-2026Q4
27447,97598,2016-10-01,,1,NCCI-2026Q4
27447,99211,2020-10-01,,1,NCCI-2026Q4
27447,99211,2013-07-01,2019-12-31,1,NCCI-2026Q4
27447,99212,2020-10-01,,1,NCCI-2026Q4
27447,99212,2013-07-01,2019-12-31,1,NCCI-2026Q4
27447,99213,2020-10-01,,1,NCCI-2026Q4
27447,99213,2013-07-01,2019-12-31,1,NCCI-2026Q4
27447,99214,2020-10-01,,1,NCCI-2026Q4
27447,99214,2013-07-01,2019-12-31,1,NCCI-2026Q4
27447,99215,2020-10-01,,1,NCCI-2026Q4
27447,99215,2013-07-01,2019-12-31,1,NCCI-2026Q4
27447,99221,2020-10-01,,1,NCCI-2026Q4
27447,99221,2013-07-01,2019-12-31,1,NCCI-2026Q4
27447,99222,2020-10-01,,1,NCCI-2026Q4
27447,99222,2013-07-01,2019-12-31,1,NCCI-2026Q4
27447,99223,2020-10-01,,1,NCCI-2026Q4
27447,99223,2013-07-01,2019-12-31,1,NCCI-2026Q4
27447,99231,2020-10-01,,1,NCCI-2026Q4
27447,99231,2013-07-01,2019-12-31,1,NCCI-2026Q4
27447,99232,2020-10-01,,1,NCCI-2026Q4
27447,99232,2013-07-01,2019-12-31,1,NCCI-2026Q4
27447,99233,2020-10-01,,1,NCCI-2026Q4
27447,99233,2013-07-01,2019-12-31,1,NCCI-2026Q4
29875,11042,2016-10-01,,1,NCCI-2026Q4
29875,11043,2016-10-01,,1,NCCI-2026Q4
29875,12001,2012-10-01,,1,NCCI-2026Q4
29875,12002,2012-10-01,,1,NCCI-2026Q4
29875,12004,2012-10-01,,1,NCCI-2026Q4
29875,12011,2012-10-01,,1,NCCI-2026Q4
29875,20610,1996-01-01,,1,NCCI-2026Q4
29875,20611,2015-01-01,,1,NCCI-2026Q4
29875,62323,2017-01-01,,0,NCCI-2026Q4
29875,64483,2009-04-01,,0,NCCI-2026Q4
29875,64484,2017-04-01,,0,NCCI-2026Q4
29875,92012,2014-04-01,,1,NCCI-2026Q4
29875,92012,2013-07-01,2013-07-01,9,NCCI-2026Q4
29875,92014,2014-04-01,,1,NCCI-2026Q4
29875,92014,2013-07-01,2013-07-01,9,NCCI-2026Q4
29875,93000,2009-04-01,,1,NCCI-2026Q4
29875,93005,2009-04-01,,1,NCCI-2026Q4
29875,93010,2009-04-01,,1,NCCI-2026Q4
29875,96372,2009-01-01,,1,NCCI-2026Q4
29875,96374,2009-01-01,,1,NCCI-2026Q4
29875,96375,2009-01-01,,1,NCCI-2026Q4
29875,97597,2016-10-01,,1,NCCI-2026Q4
29875,97598,2016-10-01,,1,NCCI-2026Q4
29875,99211,2020-10-01,,1,NCCI-2026Q4
29875,99211,2013-07-01,2019-12-31,1,NCCI-2026Q4
29875,99212,2020-10-01,,1,NCCI-2026Q4
29875,99212,2013-07-01,2019-12-31,1,NCCI-2026Q4
29875,99213,2020-10-01,,1,NCCI-2026Q4
29875,99213,2013-07-01,2019-12-31,1,NCCI-2026Q4
29875,99214,2020-10-01,,1,NCCI-2026Q4
29875,99214,2013-07-01,2019-12-31,1,NCCI-2026Q4
29875,99215,2020-10-01,,1,NCCI-2026Q4
29875,99215,2013-07-01,2019-12-31,1,NCCI-2026Q4
29875,99221,2020-10-01,,1,NCCI-2026Q4
29875,99221,2013-07-01,2019-12-31,1,NCCI-2026Q4
29875,99222,2020-10-01,,1,NCCI-2026Q4
29875,99222,2013-07-01,2019-12-31,1,NCCI-2026Q4
29875,99223,2020-10-01,,1,NCCI-2026Q4
29875,99223,2013-07-01,2019-12-31,1,NCCI-2026Q4
29875,99231,2020-10-01,,1,NCCI-2026Q4
29875,99231,2013-07-01,2019-12-31,1,NCCI-2026Q4
29875,99232,2020-10-01,,1,NCCI-2026Q4
29875,99232,2013-07-01,2019-12-31,1,NCCI-2026Q4
29875,99233,2020-10-01,,1,NCCI-2026Q4
29875,99233,2013-07-01,2019-12-31,1,NCCI-2026Q4
29876,11042,2016-10-01,,1,NCCI-2026Q4
29876,11043,2016-10-01,,1,NCCI-2026Q4
29876,12001,2012-10-01,,1,NCCI-2026Q4
29876,12002,2012-10-01,,1,NCCI-2026Q4
29876,12004,2012-10-01,,1,NCCI-2026Q4
29876,12011,2012-10-01,,1,NCCI-2026Q4
29876,20610,1996-01-01,,1,NCCI-2026Q4
29876,20611,2015-01-01,,1,NCCI-2026Q4
29876,29875,1996-01-01,,1,NCCI-2026Q4
29876,62323,2017-01-01,,0,NCCI-2026Q4
29876,64483,2009-04-01,,0,NCCI-2026Q4
29876,64484,2017-04-01,,0,NCCI-2026Q4
29876,92012,2014-04-01,,1,NCCI-2026Q4
29876,92012,2013-07-01,2013-07-01,9,NCCI-2026Q4
29876,92014,2014-04-01,,1,NCCI-2026Q4
29876,92014,2013-07-01,2013-07-01,9,NCCI-2026Q4
29876,93000,2009-04-01,,1,NCCI-2026Q4
29876,93005,2009-04-01,,1,NCCI-2026Q4
29876,93010,2009-04-01,,1,NCCI-2026Q4
29876,96372,2009-01-01,,1,NCCI-2026Q4
29876,96374,2009-01-01,,1,NCCI-2026Q4
29876,96375,2009-01-01,,1,NCCI-2026Q4
29876,97597,2016-10-01,,1,NCCI-2026Q4
29876,97598,2016-10-01,,1,NCCI-2026Q4
29876,99211,2020-10-01,,1,NCCI-2026Q4
29876,99211,2013-07-01,2019-12-31,1,NCCI-2026Q4
29876,99212,2020-10-01,,1,NCCI-2026Q4
29876,99212,2013-07-01,2019-12-31,1,NCCI-2026Q4
29876,99213,2020-10-01,,1,NCCI-2026Q4
29876,99213,2013-07-01,2019-12-31,1,NCCI-2026Q4
29876,99214,2020-10-01,,1,NCCI-2026Q4
29876,99214,2013-07-01,2019-12-31,1,NCCI-2026Q4
29876,99215,2020-10-01,,1,NCCI-2026Q4
29876,99215,2013-07-01,2019-12-31,1,NCCI-2026Q4
29876,99221,2020-10-01,,1,NCCI-2026Q4
29876,99221,2013-07-01,2019-12-31,1,NCCI-2026Q4
29876,99222,2020-10-01,,1,NCCI-2026Q4
29876,99222,2013-07-01,2019-12-31,1,NCCI-2026Q4
29876,99223,2020-10-01,,1,NCCI-2026Q4
29876,99223,2013-07-01,2019-12-31,1,NCCI-2026Q4
29876,99231,2020-10-01,,1,NCCI-2026Q4
29876,99231,2013-07-01,2019-12-31,1,NCCI-2026Q4
29876,99232,2020-10-01,,1,NCCI-2026Q4
29876,99232,2013-07-01,2019-12-31,1,NCCI-2026Q4
29876,99233,2020-10-01,,1,NCCI-2026Q4
29876,99233,2013-07-01,2019-12-31,1,NCCI-2026Q4
29880,11042,2016-10-01,,1,NCCI-2026Q4
29880,11043,2016-10-01,,1,NCCI-2026Q4
29880,12001,2012-10-01,,1,NCCI-2026Q4
29880,12002,2012-10-01,,1,NCCI-2026Q4
29880,12004,2012-10-01,,1,NCCI-2026Q4
29880,12011,2012-10-01,,1,NCCI-2026Q4
29880,20610,1996-01-01,,1,NCCI-2026Q4
29880,20611,2015-01-01,,1,NCCI-2026Q4
29880,29875,1996-01-01,,1,NCCI-2026Q4
29880,29876,2006-10-01,,1,NCCI-2026Q4
29880,29881,1996-01-01,,1,NCCI-2026Q4
29880,62323,2017-01-01,,0,NCCI-2026Q4
29880,64483,2009-04-01,,0,NCCI-2026Q4
29880,64484,2017-04-01,,0,NCCI-2026Q4
29880,92012,2014-04-01,,1,NCCI-2026Q4
29880,92012,2013-07-01,2013-07-01,9,NCCI-2026Q4
29880,92014,2014-04-01,,1,NCCI-2026Q4
29880,92014,2013-07-01,2013-07-01,9,NCCI-2026Q4
29880,93000,2009-04-01,,1,NCCI-2026Q4
29880,93005,2009-04-01,,1,NCCI-2026Q4
29880,93010,2009-04-01,,1,NCCI-2026Q4
29880,96372,2009-01-01,,1,NCCI-2026Q4
29880,96374,2009-01-01,,1,NCCI-2026Q4
29880,96375,2009-01-01,,1,NCCI-2026Q4
29880,97597,2016-10-01,,1,NCCI-2026Q4
29880,97598,2016-10-01,,1,NCCI-2026Q4
29880,99211,2020-10-01,,1,NCCI-2026Q4
29880,99211,2013-07-01,2019-12-31,1,NCCI-2026Q4
29880,99212,2020-10-01,,1,NCCI-2026Q4
29880,99212,2013-07-01,2019-12-31,1,NCCI-2026Q4
29880,99213,2020-10-01,,1,NCCI-2026Q4
29880,99213,2013-07-01,2019-12-31,1,NCCI-2026Q4
29880,99214,2020-10-01,,1,NCCI-2026Q4
29880,99214,2013-07-01,2019-12-31,1,NCCI-2026Q4
29880,99215,2020-10-01,,1,NCCI-2026Q4
29880,99215,2013-07-01,2019-12-31,1,NCCI-2026Q4
29880,99221,2020-10-01,,1,NCCI-2026Q4
29880,99221,2013-07-01,2019-12-31,1,NCCI-2026Q4
29880,99222,2020-10-01,,1,NCCI-2026Q4
29880,99222,2013-07-01,2019-12-31,1,NCCI-2026Q4
29880,99223,2020-10-01,,1,NCCI-2026Q4
29880,99223,2013-07-01,2019-12-31,1,NCCI-2026Q4
29880,99231,2020-10-01,,1,NCCI-2026Q4
29880,99231,2013-07-01,2019-12-31,1,NCCI-2026Q4
29880,99232,2020-10-01,,1,NCCI-2026Q4
29880,99232,2013-07-01,2019-12-31,1,NCCI-2026Q4
29880,99233,2020-10-01,,1,NCCI-2026Q4
29880,99233,2013-07-01,2019-12-31,1,NCCI-2026Q4
29881,11042,2016-10-01,,1,NCCI-2026Q4
29881,11043,2016-10-01,,1,NCCI-2026Q4
29881,12001,2012-10-01,,1,NCCI-2026Q4
29881,12002,2012-10-01,,1,NCCI-2026Q4
29881,12004,2012-10-01,,1,NCCI-2026Q4
29881,12011,2012-10-01,,1,NCCI-2026Q4
29881,20610,1996-01-01,,1,NCCI-2026Q4
29881,20611,2015-01-01,,1,NCCI-2026Q4
29881,29875,1996-01-01,,1,NCCI-2026Q4
29881,62323,2017-01-01,,0,NCCI-2026Q4
29881,64483,2009-04-01,,0,NCCI-2026Q4
29881,64484,2017-04-01,,0,NCCI-2026Q4
29881,92012,2014-04-01,,1,NCCI-2026Q4
29881,92012,2013-07-01,2013-07-01,9,NCCI-2026Q4
29881,92014,2014-04-01,,1,NCCI-2026Q4
29881,92014,2013-07-01,2013-07-01,9,NCCI-2026Q4
29881,93000,2009-04-01,,1,NCCI-2026Q4
29881,93005,2009-04-01,,1,NCCI-2026Q4
29881,93010,2009-04-01,,1,NCCI-2026Q4
29881,96372,2009-01-01,,1,NCCI-2026Q4
29881,96374,2009-01-01,,1,NCCI-2026Q4
29881,96375,2009-01-01,,1,NCCI-2026Q4
29881,97597,2016-10-01,,1,NCCI-2026Q4
29881,97598,2016-10-01,,1,NCCI-2026Q4
29881,99211,2020-10-01,,1,NCCI-2026Q4
29881,99211,2013-07-01,2019-12-31,1,NCCI-2026Q4
29881,99212,2020-10-01,,1,NCCI-2026Q4
29881,99212,2013-07-01,2019-12-31,1,NCCI-2026Q4
29881,99213,2020-10-01,,1,NCCI-2026Q4
29881,99213,2013-07-01,2019-12-31,1,NCCI-2026Q4
29881,99214,2020-10-01,,1,NCCI-2026Q4
29881,99214,2013-07-01,2019-12-31,1,NCCI-2026Q4
29881,99215,2020-10-01,,1,NCCI-2026Q4
29881,99215,2013-07-01,2019-12-31,1,NCCI-2026Q4
29881,99221,2020-10-01,,1,NCCI-2026Q4
29881,99221,2013-07-01,2019-12-31,1,NCCI-2026Q4
29881,99222,2020-10-01,,1,NCCI-2026Q4
29881,99222,2013-07-01,2019-12-31,1,NCCI-2026Q4
29881,99223,2020-10-01,,1,NCCI-2026Q4
29881,99223,2013-07-01,2019-12-31,1,NCCI-2026Q4
29881,99231,2020-10-01,,1,NCCI-2026Q4
29881,99231,2013-07-01,2019-12-31,1,NCCI-2026Q4
29881,99232,2020-10-01,,1,NCCI-2026Q4
29881,99232,2013-07-01,2019-12-31,1,NCCI-2026Q4
29881,99233,2020-10-01,,1,NCCI-2026Q4
29881,99233,2013-07-01,2019-12-31,1,NCCI-2026Q4
36415,99211,2020-10-01,,1,NCCI-2026Q4
36415,99211,2014-04-01,2019-12-31,1,NCCI-2026Q4
43235,12001,2012-10-01,,1,NCCI-2026Q4
43235,12002,2012-10-01,,1,NCCI-2026Q4
43235,12004,2012-10-01,,1,NCCI-2026Q4
43235,12011,2012-10-01,,1,NCCI-2026Q4
43235,62323,2017-01-01,,0,NCCI-2026Q4
43235,64483,2009-04-01,,0,NCCI-2026Q4
43235,64484,2017-04-01,,0,NCCI-2026Q4
43235,92012,2014-04-01,,1,NCCI-2026Q4
43235,92012,2013-07-01,2013-07-01,9,NCCI-2026Q4
43235,92014,2014-04-01,,1,NCCI-2026Q4
43235,92014,2013-07-01,2013-07-01,9,NCCI-2026Q4
43235,93000,2008-07-01,,1,NCCI-2026Q4
43235,93005,2008-07-01,,1,NCCI-2026Q4
43235,93010,2008-07-01,,1,NCCI-2026Q4
43235,96372,2009-01-01,,1,NCCI-2026Q4
43235,96374,2009-01-01,,1,NCCI-2026Q4
43235,96375,2009-01-01,,1,NCCI-2026Q4
43235,99211,2020-10-01,,1,NCCI-2026Q4
43235,99211,2013-07-01,2019-12-31,1,NCCI-2026Q4
43235,99212,2020-10-01,,1,NCCI-2026Q4
43235,99212,2013-07-01,2019-12-31,1,NCCI-2026Q4
43235,99213,2020-10-01,,1,NCCI-2026Q4
43235,99213,2013-07-01,2019-12-31,1,NCCI-2026Q4
43235,99214,2020-10-01,,1,NCCI-2026Q4
43235,99214,2013-07-01,2019-12-31,1,NCCI-2026Q4
43235,99215,2020-10-01,,1,NCCI-2026Q4
43235,99215,2013-07-01,2019-12-31,1,NCCI-2026Q4
43235,99221,2020-10-01,,1,NCCI-2026Q4
43235,99221,2013-07-01,2019-12-31,1,NCCI-2026Q4
43235,99222,2020-10-01,,1,NCCI-2026Q4
43235,99222,2013-07-01,2019-12-31,1,NCCI-2026Q4
43235,99223,2020-10-01,,1,NCCI-2026Q4
43235,99223,2013-07-01,2019-12-31,1,NCCI-2026Q4
43235,99231,2020-10-01,,1,NCCI-2026Q4
43235,99231,2013-07-01,2019-12-31,1,NCCI-2026Q4
43235,99232,2020-10-01,,1,NCCI-2026Q4
43235,99232,2013-07-01,2019-12-31,1,NCCI-2026Q4
43235,99233,2020-10-01,,1,NCCI-2026Q4
43235,99233,2013-07-01,2019-12-31,1,NCCI-2026Q4
43239,12001,2012-10-01,,1,NCCI-2026Q4
43239,12002,2012-10-01,,1,NCCI-2026Q4
43239,12004,2012-10-01,,1,NCCI-2026Q4
43239,12011,2012-10-01,,1,NCCI-2026Q4
43239,43235,1996-01-01,,0,NCCI-2026Q4
43239,62323,2017-01-01,,0,NCCI-2026Q4
43239,64483,2009-04-01,,0,NCCI-2026Q4
43239,64484,2017-04-01,,0,NCCI-2026Q4
43239,92012,2014-04-01,,1,NCCI-2026Q4
43239,92012,2013-07-01,2013-07-01,9,NCCI-2026Q4
43239,92014,2014-04-01,,1,NCCI-2026Q4
43239,92014,2013-07-01,2013-07-01,9,NCCI-2026Q4
43239,93000,2008-07-01,,1,NCCI-2026Q4
43239,93005,2008-07-01,,1,NCCI-2026Q4
43239,93010,2008-07-01,,1,NCCI-2026Q4
43239,96372,2009-01-01,,1,NCCI-2026Q4
43239,96374,2009-01-01,,1,NCCI-2026Q4
43239,96375,2009-01-01,,1,NCCI-2026Q4
43239,99211,2020-10-01,,1,NCCI-2026Q4
43239,99211,2013-07-01,2019-12-31,1,NCCI-2026Q4
43239,99212,2020-10-01,,1,NCCI-2026Q4
43239,99212,2013-07-01,2019-12-31,1,NCCI-2026Q4
43239,99213,2020-10-01,,1,NCCI-2026Q4
43239,99213,2013-07-01,2019-12-31,1,NCCI-2026Q4
43239,99214,2020-10-01,,1,NCCI-2026Q4
43239,99214,2013-07-01,2019-12-31,1,NCCI-2026Q4
43239,99215,2020-10-01,,1,NCCI-2026Q4
43239,99215,2013-07-01,2019-12-31,1,NCCI-2026Q4
43239,99221,2020-10-01,,1,NCCI-2026Q4
43239,99221,2013-07-01,2019-12-31,1,NCCI-2026Q4
43239,99222,2020-10-01,,1,NCCI-2026Q4
43239,99222,2013-07-01,2019-12-31,1,NCCI-2026Q4
43239,99223,2020-10-01,,1,NCCI-2026Q4
43239,99223,2013-07-01,2019-12-31,1,NCCI-2026Q4
43239,99231,2020-10-01,,1,NCCI-2026Q4
43239,99231,2013-07-01,2019-12-31,1,NCCI-2026Q4
43239,99232,2020-10-01,,1,NCCI-2026Q4
43239,99232,2013-07-01,2019-12-31,1,NCCI-2026Q4
43239,99233,2020-10-01,,1,NCCI-2026Q4
43239,99233,2013-07-01,2019-12-31,1,NCCI-2026Q4
43249,12001,2012-10-01,,1,NCCI-2026Q4
43249,12002,2012-10-01,,1,NCCI-2026Q4
43249,12004,2012-10-01,,1,NCCI-2026Q4
43249,12011,2012-10-01,,1,NCCI-2026Q4
43249,43235,1997-01-01,,0,NCCI-2026Q4
43249,43239,2018-01-01,2018-01-01,9,NCCI-2026Q4
43249,43239,2018-01-01,,1,NCCI-2026Q4
43249,62323,2017-01-01,,0,NCCI-2026Q4
43249,64483,2009-04-01,,0,NCCI-2026Q4
43249,64484,2017-04-01,,0,NCCI-2026Q4
43249,92012,2014-04-01,,1,NCCI-2026Q4
43249,92012,2013-07-01,2013-07-01,9,NCCI-2026Q4
43249,92014,2014-04-01,,1,NCCI-2026Q4
43249,92014,2013-07-01,2013-07-01,9,NCCI-2026Q4
43249,93000,2008-07-01,,1,NCCI-2026Q4
43249,93005,2008-07-01,,1,NCCI-2026Q4
43249,93010,2008-07-01,,1,NCCI-2026Q4
43249,96372,2009-01-01,,1,NCCI-2026Q4
43249,96374,2009-01-01,,1,NCCI-2026Q4
43249,96375,2009-01-01,,1,NCCI-2026Q4
43249,99211,2020-10-01,,1,NCCI-2026Q4
43249,99211,2013-07-01,2019-12-31,1,NCCI-2026Q4
43249,99212,2020-10-01,,1,NCCI-2026Q4
43249,99212,2013-07-01,2019-12-31,1,NCCI-2026Q4
43249,99213,2020-10-01,,1,NCCI-2026Q4
43249,99213,2013-07-01,2019-12-31,1,NCCI-2026Q4
43249,99214,2020-10-01,,1,NCCI-2026Q4
43249,99214,2013-07-01,2019-12-31,1,NCCI-2026Q4
43249,99215,2020-10-01,,1,NCCI-2026Q4
43249,99215,2013-07-01,2019-12-31,1,NCCI-2026Q4
43249,99221,2020-10-01,,1,NCCI-2026Q4
43249,99221,2013-07-01,2019-12-31,1,NCCI-2026Q4
43249,99222,2020-10-01,,1,NCCI-2026Q4
43249,99222,2013-07-01,2019-12-31,1,NCCI-2026Q4
43249,99223,2020-10-01,,1,NCCI-2026Q4
43249,99223,2013-07-01,2019-12-31,1,NCCI-2026Q4
43249,99231,2020-10-01,,1,NCCI-2026Q4
43249,99231,2013-07-01,2019-12-31,1,NCCI-2026Q4
43249,99232,2020-10-01,,1,NCCI-2026Q4
43249,99232,2013-07-01,2019-12-31,1,NCCI-2026Q4
43249,99233,2020-10-01,,1,NCCI-2026Q4
43249,99233,2013-07-01,2019-12-31,1,NCCI-2026Q4
45378,12001,2012-10-01,,1,NCCI-2026Q4
45378,12002,2012-10-01,,1,NCCI-2026Q4
45378,12004,2012-10-01,,1,NCCI-2026Q4
45378,12011,2012-10-01,,1,NCCI-2026Q4
45378,62323,2017-01-01,,0,NCCI-2026Q4
45378,64483,2009-04-01,,0,NCCI-2026Q4
45378,64484,2017-04-01,,0,NCCI-2026Q4
45378,92012,2014-04-01,,1,NCCI-2026Q4
45378,92012,2013-07-01,2013-07-01,9,NCCI-2026Q4
45378,92014,2014-04-01,,1,NCCI-2026Q4
45378,92014,2013-07-01,2013-07-01,9,NCCI-2026Q4
45378,93000,2008-07-01,,1,NCCI-2026Q4
45378,93005,2008-07-01,,1,NCCI-2026Q4
45378,93010,2008-07-01,,1,NCCI-2026Q4
45378,96372,2009-01-01,,1,NCCI-2026Q4
45378,96374,2009-01-01,,1,NCCI-2026Q4
45378,96375,2009-01-01,,1,NCCI-2026Q4
45378,99211,2020-10-01,,1,NCCI-2026Q4
45378,99211,2013-07-01,2019-12-31,1,NCCI-2026Q4
45378,99212,2020-10-01,,1,NCCI-2026Q4
45378,99212,2013-07-01,2019-12-31,1,NCCI-2026Q4
45378,99213,2020-10-01,,1,NCCI-2026Q4
45378,99213,2013-07-01,2019-12-31,1,NCCI-2026Q4
45378,99214,2020-10-01,,1,NCCI-2026Q4
45378,99214,2013-07-01,2019-12-31,1,NCCI-2026Q4
45378,99215,2020-10-01,,1,NCCI-2026Q4
45378,99215,2013-07-01,2019-12-31,1,NCCI-2026Q4
45378,99221,2020-10-01,,1,NCCI-2026Q4
45378,99221,2013-07-01,2019-12-31,1,NCCI-2026Q4
45378,99222,2020-10-01,,1,NCCI-2026Q4
45378,99222,2013-07-01,2019-12-31,1,NCCI-2026Q4
45378,99223,2020-10-01,,1,NCCI-2026Q4
45378,99223,2013-07-01,2019-12-31,1,NCCI-2026Q4
45378,99231,2020-10-01,,1,NCCI-2026Q4
45378,99231,2013-07-01,2019-12-31,1,NCCI-2026Q4
45378,99232,2020-10-01,,1,NCCI-2026Q4
45378,99232,2013-07-01,2019-12-31,1,NCCI-2026Q4
45378,99233,2020-10-01,,1,NCCI-2026Q4
45378,99233,2013-07-01,2019-12-31,1,NCCI-2026Q4
45380,12001,2012-10-01,,1,NCCI-2026Q4
45380,12002,2012-10-01,,1,NCCI-2026Q4
45380,12004,2012-10-01,,1,NCCI-2026Q4
45380,12011,2012-10-01,,1,NCCI-2026Q4
45380,45378,1996-01-01,,0,NCCI-2026Q4
45380,62323,2017-01-01,,0,NCCI-2026Q4
45380,64483,2009-04-01,,0,NCCI-2026Q4
45380,64484,2017-04-01,,0,NCCI-2026Q4
45380,92012,2014-04-01,,1,NCCI-2026Q4
45380,92012,2013-07-01,2013-07-01,9,NCCI-2026Q4
45380,92014,2014-04-01,,1,NCCI-2026Q4
45380,92014,2013-07-01,2013-07-01,9,NCCI-2026Q4
45380,93000,2008-07-01,,1,NCCI-2026Q4
45380,93005,2008-07-01,,1,NCCI-2026Q4
45380,93010,2008-07-01,,1,NCCI-2026Q4
45380,96372,2009-01-01,,1,NCCI-2026Q4
45380,96374,2009-01-01,,1,NCCI-2026Q4
45380,96375,2009-01-01,,1,NCCI-2026Q4
45380,99211,2020-10-01,,1,NCCI-2026Q4
45380,99211,2013-07-01,2019-12-31,1,NCCI-2026Q4
45380,99212,2020-10-01,,1,NCCI-2026Q4
45380,99212,2013-07-01,2019-12-31,1,NCCI-2026Q4
45380,99213,2020-10-01,,1,NCCI-2026Q4
45380,99213,2013-07-01,2019-12-31,1,NCCI-2026Q4
45380,99214,2020-10-01,,1,NCCI-2026Q4
45380,99214,2013-07-01,2019-12-31,1,NCCI-2026Q4
45380,99215,2020-10-01,,1,NCCI-2026Q4
45380,99215,2013-07-01,2019-12-31,1,NCCI-2026Q4
45380,99221,2020-10-01,,1,NCCI-2026Q4
45380,99221,2013-07-01,2019-12-31,1,NCCI-2026Q4
45380,99222,2020-10-01,,1,NCCI-2026Q4
45380,99222,2013-07-01,2019-12-31,1,NCCI-2026Q4
45380,99223,2020-10-01,,1,NCCI-2026Q4
45380,99223,2013-07-01,2019-12-31,1,NCCI-2026Q4
45380,99231,2020-10-01,,1,NCCI-2026Q4
45380,99231,2013-07-01,2019-12-31,1,NCCI-2026Q4
45380,99232,2020-10-01,,1,NCCI-2026Q4
45380,99232,2013-07-01,2019-12-31,1,NCCI-2026Q4
45380,99233,2020-10-01,,1,NCCI-2026Q4
45380,99233,2013-07-01,2019-12-31,1,NCCI-2026Q4
45381,12001,2012-10-01,,1,NCCI-2026Q4
45381,12002,2012-10-01,,1,NCCI-2026Q4
45381,12004,2012-10-01,,1,NCCI-2026Q4
45381,12011,2012-10-01,,1,NCCI-2026Q4
45381,45378,2003-01-01,,0,NCCI-2026Q4
45381,62323,2017-01-01,,0,NCCI-2026Q4
45381,64483,2009-04-01,,0,NCCI-2026Q4
45381,64484,2017-04-01,,0,NCCI-2026Q4
45381,92012,2014-04-01,,1,NCCI-2026Q4
45381,92012,2013-07-01,2013-07-01,9,NCCI-2026Q4
45381,92014,2014-04-01,,1,NCCI-2026Q4
45381,92014,2013-07-01,2013-07-01,9,NCCI-2026Q4
45381,93000,2008-07-01,,1,NCCI-2026Q4
45381,93005,2008-07-01,,1,NCCI-2026Q4
45381,93010,2008-07-01,,1,NCCI-2026Q4
45381,96372,2009-01-01,,1,NCCI-2026Q4
45381,96374,2009-01-01,,1,NCCI-2026Q4
45381,96375,2009-01-01,,1,NCCI-2026Q4
45381,99211,2020-10-01,,1,NCCI-2026Q4
45381,99211,2013-07-01,2019-12-31,1,NCCI-2026Q4
45381,99212,2020-10-01,,1,NCCI-2026Q4
45381,99212,2013-07-01,2019-12-31,1,NCCI-2026Q4
45381,99213,2020-10-01,,1,NCCI-2026Q4
45381,99213,2013-07-01,2019-12-31,1,NCCI-2026Q4
45381,99214,2020-10-01,,1,NCCI-2026Q4
45381,99214,2013-07-01,2019-12-31,1,NCCI-2026Q4
45381,99215,2020-10-01,,1,NCCI-2026Q4
45381,99215,2013-07-01,2019-12-31,1,NCCI-2026Q4
45381,99221,2020-10-01,,1,NCCI-2026Q4
45381,99221,2013-07-01,2019-12-31,1,NCCI-2026Q4
45381,99222,2020-10-01,,1,NCCI-2026Q4
45381,99222,2013-07-01,2019-12-31,1,NCCI-2026Q4
45381,99223,2020-10-01,,1,NCCI-2026Q4
45381,99223,2013-07-01,2019-12-31,1,NCCI-2026Q4
45381,99231,2020-10-01,,1,NCCI-2026Q4
45381,99231,2013-07-01,2019-12-31,1,NCCI-2026Q4
45381,99232,2020-10-01,,1,NCCI-2026Q4
45381,99232,2013-07-01,2019-12-31,1,NCCI-2026Q4
45381,99233,2020-10-01,,1,NCCI-2026Q4
45381,99233,2013-07-01,2019-12-31,1,NCCI-2026Q4
45384,11042,2016-10-01,,1,NCCI-2026Q4
45384,11043,2016-10-01,,1,NCCI-2026Q4
45384,12001,2012-10-01,,1,NCCI-2026Q4
45384,12002,2012-10-01,,1,NCCI-2026Q4
45384,12004,2012-10-01,,1,NCCI-2026Q4
45384,12011,2012-10-01,,1,NCCI-2026Q4
45384,45378,1997-01-01,,0,NCCI-2026Q4
45384,45380,2002-04-01,,1,NCCI-2026Q4
45384,62323,2017-01-01,,0,NCCI-2026Q4
45384,64483,2009-04-01,,0,NCCI-2026Q4
45384,64484,2017-04-01,,0,NCCI-2026Q4
45384,92012,2014-04-01,,1,NCCI-2026Q4
45384,92012,2013-07-01,2013-07-01,9,NCCI-2026Q4
45384,92014,2014-04-01,,1,NCCI-2026Q4
45384,92014,2013-07-01,2013-07-01,9,NCCI-2026Q4
45384,93000,2008-07-01,,1,NCCI-2026Q4
45384,93005,2008-07-01,,1,NCCI-2026Q4
45384,93010,2008-07-01,,1,NCCI-2026Q4
45384,96372,2009-01-01,,1,NCCI-2026Q4
45384,96374,2009-01-01,,1,NCCI-2026Q4
45384,96375,2009-01-01,,1,NCCI-2026Q4
45384,97597,2016-10-01,,1,NCCI-2026Q4
45384,97598,2016-10-01,,1,NCCI-2026Q4
45384,99211,2020-10-01,,1,NCCI-2026Q4
45384,99211,2013-07-01,2019-12-31,1,NCCI-2026Q4
45384,99212,2020-10-01,,1,NCCI-2026Q4
45384,99212,2013-07-01,2019-12-31,1,NCCI-2026Q4
45384,99213,2020-10-01,,1,NCCI-2026Q4
45384,99213,2013-07-01,2019-12-31,1,NCCI-2026Q4
45384,99214,2020-10-01,,1,NCCI-2026Q4
45384,99214,2013-07-01,2019-12-31,1,NCCI-2026Q4
45384,99215,2020-10-01,,1,NCCI-2026Q4
45384,99215,2013-07-01,2019-12-31,1,NCCI-2026Q4
45384,99221,2020-10-01,,1,NCCI-2026Q4
45384,99221,2013-07-01,2019-12-31,1,NCCI-2026Q4
45384,99222,2020-10-01,,1,NCCI-2026Q4
45384,99222,2013-07-01,2019-12-31,1,NCCI-2026Q4
45384,99223,2020-10-01,,1,NCCI-2026Q4
45384,99223,2013-07-01,2019-12-31,1,NCCI-2026Q4
45384,99231,2020-10-01,,1,NCCI-2026Q4
45384,99231,2013-07-01,2019-12-31,1,NCCI-2026Q4
45384,99232,2020-10-01,,1,NCCI-2026Q4
45384,99232,2013-07-01,2019-12-31,1,NCCI-2026Q4
45384,99233,2020-10-01,,1,NCCI-2026Q4
45384,99233,2013-07-01,2019-12-31,1,NCCI-2026Q4
45385,11042,2016-10-01,,1,NCCI-2026Q4
45385,11043,2016-10-01,,1,NCCI-2026Q4
45385,12001,2012-10-01,,1,NCCI-2026Q4
45385,12002,2012-10-01,,1,NCCI-2026Q4
45385,12004,2012-10-01,,1,NCCI-2026Q4
45385,12011,2012-10-01,,1,NCCI-2026Q4
45385,45378,1996-01-01,,0,NCCI-2026Q4
45385,45380,2002-04-01,,1,NCCI-2026Q4
45385,45384,2004-01-01,,1,NCCI-2026Q4
45385,62323,2017-01-01,,0,NCCI-2026Q4
45385,64483,2009-04-01,,0,NCCI-2026Q4
45385,64484,2017-04-01,,0,NCCI-2026Q4
45385,92012,2014-04-01,,1,NCCI-2026Q4
45385,92012,2013-07-01,2013-07-01,9,NCCI-2026Q4
45385,92014,2014-04-01,,1,NCCI-2026Q4
45385,92014,2013-07-01,2013-07-01,9,NCCI-2026Q4
45385,93000,2008-07-01,,1,NCCI-2026Q4
45385,93005,2008-07-01,,1,NCCI-2026Q4
45385,93010,2008-07-01,,1,NCCI-2026Q4
45385,96372,2009-01-01,,1,NCCI-2026Q4
45385,96374,2009-01-01,,1,NCCI-2026Q4
45385,96375,2009-01-01,,1,NCCI-2026Q4
45385,97597,2016-10-01,,1,NCCI-2026Q4
45385,97598,2016-10-01,,1,NCCI-2026Q4
45385,99211,2020-10-01,,1,NCCI-2026Q4
45385,99211,2013-07-01,2019-12-31,1,NCCI-2026Q4
45385,99212,2020-10-01,,1,NCCI-2026Q4
45385,99212,2013-07-01,2019-12-31,1,NCCI-2026Q4
45385,99213,2020-10-01,,1,NCCI-2026Q4
45385,99213,2013-07-01,2019-12-31,1,NCCI-2026Q4
45385,99214,2020-10-01,,1,NCCI-2026Q4
45385,99214,2013-07-01,2019-12-31,1,NCCI-2026Q4
45385,99215,2020-10-01,,1,NCCI-2026Q4
45385,99215,2013-07-01,2019-12-31,1,NCCI-2026Q4
45385,99221,2020-10-01,,1,NCCI-2026Q4
45385,99221,2013-07-01,2019-12-31,1,NCCI-2026Q4
45385,99222,2020-10-01,,1,NCCI-2026Q4
45385,99222,2013-07-01,2019-12-31,1,NCCI-2026Q4
45385,99223,2020-10-01,,1,NCCI-2026Q4
45385,99223,2013-07-01,2019-12-31,1,NCCI-2026Q4
45385,99231,2020-10-01,,1,NCCI-2026Q4
45385,99231,2013-07-01,2019-12-31,1,NCCI-2026Q4
45385,99232,2020-10-01,,1,NCCI-2026Q4
45385,99232,2013-07-01,2019-12-31,1,NCCI-2026Q4
45385,99233,2020-10-01,,1,NCCI-2026Q4
45385,99233,2013-07-01,2019-12-31,1,NCCI-2026Q4
62323,12001,2017-01-01,,1,NCCI-2026Q4
62323,12002,2017-01-01,,1,NCCI-2026Q4
62323,12004,2017-01-01,,1,NCCI-2026Q4
62323,12011,2017-01-01,,1,NCCI-2026Q4
62323,20610,2017-01-01,,1,NCCI-2026Q4
62323,64483,2017-01-01,,1,NCCI-2026Q4
62323,64484,2017-04-01,,1,NCCI-2026Q4
62323,76942,2017-01-01,,1,NCCI-2026Q4
62323,92012,2017-01-01,,1,NCCI-2026Q4
62323,92014,2017-01-01,,1,NCCI-2026Q4
62323,93000,2017-01-01,,1,NCCI-2026Q4
62323,93005,2017-01-01,,1,NCCI-2026Q4
62323,93010,2017-01-01,,1,NCCI-2026Q4
62323,96372,2017-01-01,,1,NCCI-2026Q4
62323,96374,2017-01-01,,1,NCCI-2026Q4
62323,96375,2017-01-01,,1,NCCI-2026Q4
62323,99211,2020-10-01,,1,NCCI-2026Q4
62323,99211,2017-01-01,2019-12-31,1,NCCI-2026Q4
62323,99212,2020-10-01,,1,NCCI-2026Q4
62323,99212,2017-01-01,2019-12-31,1,NCCI-2026Q4
62323,99213,2020-10-01,,1,NCCI-2026Q4
62323,99213,2017-01-01,2019-12-31,1,NCCI-2026Q4
62323,99214,2020-10-01,,1,NCCI-2026Q4
62323,99214,2017-01-01,2019-12-31,1,NCCI-2026Q4
62323,99215,2020-10-01,,1,NCCI-2026Q4
62323,99215,2017-01-01,2019-12-31,1,NCCI-2026Q4
62323,99221,2020-10-01,,1,NCCI-2026Q4
62323,99221,2017-01-01,2019-12-31,1,NCCI-2026Q4
62323,99222,2020-10-01,,1,NCCI-2026Q4
62323,99222,2017-01-01,2019-12-31,1,NCCI-2026Q4
62323,99223,2020-10-01,,1,NCCI-2026Q4
62323,99223,2017-01-01,2019-12-31,1,NCCI-2026Q4
62323,99231,2020-10-01,,1,NCCI-2026Q4
62323,99231,2017-01-01,2019-12-31,1,NCCI-2026Q4
62323,99232,2020-10-01,,1,NCCI-2026Q4
62323,99232,2017-01-01,2019-12-31,1,NCCI-2026Q4
62323,99233,2020-10-01,,1,NCCI-2026Q4
62323,99233,2017-01-01,2019-12-31,1,NCCI-2026Q4
64483,20610,2001-07-01,,1,NCCI-2026Q4
64483,76942,2010-10-01,,1,NCCI-2026Q4
64483,92012,2014-04-01,,1,NCCI-2026Q4
64483,92012,2013-07-01,2013-07-01,9,NCCI-2026Q4
64483,92014,2014-04-01,,1,NCCI-2026Q4
64483,92014,2013-07-01,2013-07-01,9,NCCI-2026Q4
64483,93000,2003-04-01,,1,NCCI-2026Q4
64483,93005,2003-04-01,,1,NCCI-2026Q4
64483,93010,2003-04-01,,1,NCCI-2026Q4
64483,96372,2009-01-01,,1,NCCI-2026Q4
64483,96374,2009-01-01,,1,NCCI-2026Q4
64483,96375,2009-01-01,,1,NCCI-2026Q4
64483,99211,2020-10-01,,1,NCCI-2026Q4
64483,99211,2013-07-01,2019-12-31,1,NCCI-2026Q4
64483,99212,2020-10-01,,1,NCCI-2026Q4
64483,99212,2013-07-01,2019-12-31,1,NCCI-2026Q4
64483,99213,2020-10-01,,1,NCCI-2026Q4
64483,99213,2013-07-01,2019-12-31,1,NCCI-2026Q4
64483,99214,2020-10-01,,1,NCCI-2026Q4
64483,99214,2013-07-01,2019-12-31,1,NCCI-2026Q4
64483,99215,2020-10-01,,1,NCCI-2026Q4
64483,99215,2013-07-01,2019-12-31,1,NCCI-2026Q4
64483,99221,2020-10-01,,1,NCCI-2026Q4
64483,99221,2013-07-01,2019-12-31,1,NCCI-2026Q4
64483,99222,2020-10-01,,1,NCCI-2026Q4
64483,99222,2013-07-01,2019-12-31,1,NCCI-2026Q4
64483,99223,2020-10-01,,1,NCCI-2026Q4
64483,99223,2013-07-01,2019-12-31,1,NCCI-2026Q4
64483,99231,2020-10-01,,1,NCCI-2026Q4
64483,99231,2013-07-01,2019-12-31,1,NCCI-2026Q4
64483,99232,2020-10-01,,1,NCCI-2026Q4
64483,99232,2013-07-01,2019-12-31,1,NCCI-2026Q4
64483,99233,2020-10-01,,1,NCCI-2026Q4
64483,99233,2013-07-01,2019-12-31,1,NCCI-2026Q4
64484,76942,2010-10-01,,1,NCCI-2026Q4
64484,93000,2003-04-01,,1,NCCI-2026Q4
64484,93005,2003-04-01,,1,NCCI-2026Q4
64484,93010,2003-04-01,,1,NCCI-2026Q4
66982,11042,2016-10-01,,1,NCCI-2026Q4
66982,11043,2016-10-01,,1,NCCI-2026Q4
66982,12001,2012-10-01,,1,NCCI-2026Q4
66982,12002,2012-10-01,,1,NCCI-2026Q4
66982,12004,2012-10-01,,1,NCCI-2026Q4
66982,12011,2012-10-01,,1,NCCI-2026Q4
66982,62323,2017-01-01,,0,NCCI-2026Q4
66982,64483,2009-04-01,,0,NCCI-2026Q4
66982,64484,2017-04-01,,0,NCCI-2026Q4
66982,66984,2001-07-01,,1,NCCI-2026Q4
66982,67028,2015-04-01,,1,NCCI-2026Q4
66982,92012,2014-04-01,,1,NCCI-2026Q4
66982,92012,2013-07-01,2013-07-01,9,NCCI-2026Q4
66982,92014,2014-04-01,,1,NCCI-2026Q4
66982,92014,2013-07-01,2013-07-01,9,NCCI-2026Q4
66982,93000,2009-04-01,,1,NCCI-2026Q4
66982,93005,2009-04-01,,1,NCCI-2026Q4
66982,93010,2009-04-01,,1,NCCI-2026Q4
66982,96372,2009-01-01,,1,NCCI-2026Q4
66982,96374,2009-01-01,,1,NCCI-2026Q4
66982,96375,2009-01-01,,1,NCCI-2026Q4
66982,97597,2016-10-01,,1,NCCI-2026Q4
66982,97598,2016-10-01,,1,NCCI-2026Q4
66982,99211,2020-10-01,,1,NCCI-2026Q4
66982,99211,2013-07-01,2019-12-31,1,NCCI-2026Q4
66982,99212,2020-10-01,,1,NCCI-2026Q4
66982,99212,2013-07-01,2019-12-31,1,NCCI-2026Q4
66982,99213,2020-10-01,,1,NCCI-2026Q4
66982,99213,2013-07-01,2019-12-31,1,NCCI-2026Q4
66982,99214,2020-10-01,,1,NCCI-2026Q4
66982,99214,2013-07-01,2019-12-31,1,NCCI-2026Q4
66982,99215,2020-10-01,,1,NCCI-2026Q4
66982,99215,2013-07-01,2019-12-31,1,NCCI-2026Q4
66982,99221,2020-10-01,,1,NCCI-2026Q4
66982,99221,2013-07-01,2019-12-31,1,NCCI-2026Q4
66982,99222,2020-10-01,,1,NCCI-2026Q4
66982,99222,2013-07-01,2019-12-31,1,NCCI-2026Q4
66982,99223,2020-10-01,,1,NCCI-2026Q4
66982,99223,2013-07-01,2019-12-31,1,NCCI-2026Q4
66982,99231,2020-10-01,,1,NCCI-2026Q4
66982,99231,2013-07-01,2019-12-31,1,NCCI-2026Q4
66982,99232,2020-10-01,,1,NCCI-2026Q4
66982,99232,2013-07-01,2019-12-31,1,NCCI-2026Q4
66982,99233,2020-10-01,,1,NCCI-2026Q4
66982,99233,2013-07-01,2019-12-31,1,NCCI-2026Q4
66984,11042,2016-10-01,,1,NCCI-2026Q4
66984,11043,2016-10-01,,1,NCCI-2026Q4
66984,12001,2012-10-01,,1,NCCI-2026Q4
66984,12002,2012-10-01,,1,NCCI-2026Q4
66984,12004,2012-10-01,,1,NCCI-2026Q4
66984,12011,2012-10-01,,1,NCCI-2026Q4
66984,62323,2017-01-01,,0,NCCI-2026Q4
66984,64483,2009-04-01,,0,NCCI-2026Q4
66984,64484,2017-04-01,,0,NCCI-2026Q4
66984,67028,2015-04-01,,1,NCCI-2026Q4
66984,92012,2014-04-01,,1,NCCI-2026Q4
66984,92012,2013-07-01,2013-07-01,9,NCCI-2026Q4
66984,92014,2014-04-01,,1,NCCI-2026Q4
66984,92014,2013-07-01,2013-07-01,9,NCCI-2026Q4
66984,93000,2009-04-01,,1,NCCI-2026Q4
66984,93005,2009-04-01,,1,NCCI-2026Q4
66984,93010,2009-04-01,,1,NCCI-2026Q4
66984,96372,2009-01-01,,1,NCCI-2026Q4
66984,96374,2009-01-01,,1,NCCI-2026Q4
66984,96375,2009-01-01,,1,NCCI-2026Q4
66984,97597,2016-10-01,,1,NCCI-2026Q4
66984,97598,2016-10-01,,1,NCCI-2026Q4
66984,99211,2020-10-01,,1,NCCI-2026Q4
66984,99211,2013-07-01,2019-12-31,1,NCCI-2026Q4
66984,99212,2020-10-01,,1,NCCI-2026Q4
66984,99212,2013-07-01,2019-12-31,1,NCCI-2026Q4
66984,99213,2020-10-01,,1,NCCI-2026Q4
66984,99213,2013-07-01,2019-12-31,1,NCCI-2026Q4
66984,99214,2020-10-01,,1,NCCI-2026Q4
66984,99214,2013-07-01,2019-12-31,1,NCCI-2026Q4
66984,99215,2020-10-01,,1,NCCI-2026Q4
66984,99215,2013-07-01,2019-12-31,1,NCCI-2026Q4
66984,99221,2020-10-01,,1,NCCI-2026Q4
66984,99221,2013-07-01,2019-12-31,1,NCCI-2026Q4
66984,99222,2020-10-01,,1,NCCI-2026Q4
66984,99222,2013-07-01,2019-12-31,1,NCCI-2026Q4
66984,99223,2020-10-01,,1,NCCI-2026Q4
66984,99223,2013-07-01,2019-12-31,1,NCCI-2026Q4
66984,99231,2020-10-01,,1,NCCI-2026Q4
66984,99231,2013-07-01,2019-12-31,1,NCCI-2026Q4
66984,99232,2020-10-01,,1,NCCI-2026Q4
66984,99232,2013-07-01,2019-12-31,1,NCCI-2026Q4
66984,99233,2020-10-01,,1,NCCI-2026Q4
66984,99233,2013-07-01,2019-12-31,1,NCCI-2026Q4
67028,12001,2012-10-01,,1,NCCI-2026Q4
67028,12002,2012-10-01,,1,NCCI-2026Q4
67028,12004,2012-10-01,,1,NCCI-2026Q4
67028,12011,2012-10-01,,1,NCCI-2026Q4
67028,62323,2017-01-01,,0,NCCI-2026Q4
67028,64483,2009-04-01,,0,NCCI-2026Q4
67028,64484,2017-04-01,,0,NCCI-2026Q4
67028,92012,2013-07-01,2013-07-01,9,NCCI-2026Q4
67028,92014,2013-07-01,2013-07-01,9,NCCI-2026Q4
67028,93000,2009-04-01,,1,NCCI-2026Q4
67028,93005,2009-04-01,,1,NCCI-2026Q4
67028,93010,2009-04-01,,1,NCCI-2026Q4
67028,96372,2009-01-01,,1,NCCI-2026Q4
67028,96374,2009-01-01,,1,NCCI-2026Q4
67028,96375,2009-01-01,,1,NCCI-2026Q4
67028,99211,2020-10-01,,1,NCCI-2026Q4
67028,99211,2013-07-01,2019-12-31,1,NCCI-2026Q4
67028,99212,2020-10-01,,1,NCCI-2026Q4
67028,99212,2013-07-01,2019-12-31,1,NCCI-2026Q4
67028,99213,2020-10-01,,1,NCCI-2026Q4
67028,99213,2013-07-01,2019-12-31,1,NCCI-2026Q4
67028,99214,2020-10-01,,1,NCCI-2026Q4
67028,99214,2013-07-01,2019-12-31,1,NCCI-2026Q4
67028,99215,2020-10-01,,1,NCCI-2026Q4
67028,99215,2013-07-01,2019-12-31,1,NCCI-2026Q4
67028,99221,2020-10-01,,1,NCCI-2026Q4
67028,99221,2013-07-01,2019-12-31,1,NCCI-2026Q4
67028,99222,2020-10-01,,1,NCCI-2026Q4
67028,99222,2013-07-01,2019-12-31,1,NCCI-2026Q4
67028,99223,2020-10-01,,1,NCCI-2026Q4
67028,99223,2013-07-01,2019-12-31,1,NCCI-2026Q4
67028,99231,2020-10-01,,1,NCCI-2026Q4
67028,99231,2013-07-01,2019-12-31,1,NCCI-2026Q4
67028,99232,2020-10-01,,1,NCCI-2026Q4
67028,99232,2013-07-01,2019-12-31,1,NCCI-2026Q4
67028,99233,2020-10-01,,1,NCCI-2026Q4
67028,99233,2013-07-01,2019-12-31,1,NCCI-2026Q4
70450,99201,2000-10-30,2000-10-30,9,NCCI-2026Q4
70450,99202,2000-10-30,2000-10-30,9,NCCI-2026Q4
70450,99203,2000-10-30,2000-10-30,9,NCCI-2026Q4
70450,99204,2000-10-30,2000-10-30,9,NCCI-2026Q4
70450,99205,2000-10-30,2000-10-30,9,NCCI-2026Q4
70450,99211,2000-10-30,2000-10-30,9,NCCI-2026Q4
70450,99212,2000-10-30,2000-10-30,9,NCCI-2026Q4
70450,99213,2000-10-30,2000-10-30,9,NCCI-2026Q4
70450,99214,2000-10-30,2000-10-30,9,NCCI-2026Q4
70450,99215,2000-10-30,2000-10-30,9,NCCI-2026Q4
70450,99221,2000-10-30,2000-10-30,9,NCCI-2026Q4
70450,99222,2000-10-30,2000-10-30,9,NCCI-2026Q4
70450,99223,2000-10-30,2000-10-30,9,NCCI-2026Q4
70450,99231,2000-10-30,2000-10-30,9,NCCI-2026Q4
70450,99232,2000-10-30,2000-10-30,9,NCCI-2026Q4
70450,99233,2000-10-30,2000-10-30,9,NCCI-2026Q4
71046,71045,2018-01-01,,1,NCCI-2026Q4
71047,71045,2018-01-01,,1,NCCI-2026Q4
71047,71046,2018-01-01,,1,NCCI-2026Q4
72148,99201,2000-10-30,2000-10-30,9,NCCI-2026Q4
72148,99202,2000-10-30,2000-10-30,9,NCCI-2026Q4
72148,99203,2000-10-30,2000-10-30,9,NCCI-2026Q4
72148,99204,2000-10-30,2000-10-30,9,NCCI-2026Q4
72148,99205,2000-10-30,2000-10-30,9,NCCI-2026Q4
72148,99211,2000-10-30,2000-10-30,9,NCCI-2026Q4
72148,99212,2000-10-30,2000-10-30,9,NCCI-2026Q4
72148,99213,2000-10-30,2000-10-30,9,NCCI-2026Q4
72148,99214,2000-10-30,2000-10-30,9,NCCI-2026Q4
72148,99215,2000-10-30,2000-10-30,9,NCCI-2026Q4
72148,99221,2000-10-30,2000-10-30,9,NCCI-2026Q4
72148,99222,2000-10-30,2000-10-30,9,NCCI-2026Q4
72148,99223,2000-10-30,2000-10-30,9,NCCI-2026Q4
72148,99231,2000-10-30,2000-10-30,9,NCCI-2026Q4
72148,99232,2000-10-30,2000-10-30,9,NCCI-2026Q4
72148,99233,2000-10-30,2000-10-30,9,NCCI-2026Q4
73721,99201,2000-10-30,2000-10-30,9,NCCI-2026Q4
73721,99202,2000-10-30,2000-10-30,9,NCCI-2026Q4
73721,99203,2000-10-30,2000-10-30,9,NCCI-2026Q4
73721,99204,2000-10-30,2000-10-30,9,NCCI-2026Q4
73721,99205,2000-10-30,2000-10-30,9,NCCI-2026Q4
73721,99211,2000-10-30,2000-10-30,9,NCCI-2026Q4
73721,99212,2000-10-30,2000-10-30,9,NCCI-2026Q4
73721,99213,2000-10-30,2000-10-30,9,NCCI-2026Q4
73721,99214,2000-10-30,2000-10-30,9,NCCI-2026Q4
73721,99215,2000-10-30,2000-10-30,9,NCCI-2026Q4
73721,99221,2000-10-30,2000-10-30,9,NCCI-2026Q4
73721,99222,2000-10-30,2000-10-30,9,NCCI-2026Q4
73721,99223,2000-10-30,2000-10-30,9,NCCI-2026Q4
73721,99231,2000-10-30,2000-10-30,9,NCCI-2026Q4
73721,99232,2000-10-30,2000-10-30,9,NCCI-2026Q4
73721,99233,2000-10-30,2000-10-30,9,NCCI-2026Q4
74177,74176,2011-01-01,,1,NCCI-2026Q4
74177,96374,2012-07-01,,1,NCCI-2026Q4
76700,76942,2016-07-01,,1,NCCI-2026Q4
76700,99201,2000-10-30,2000-10-30,9,NCCI-2026Q4
76700,99202,2000-10-30,2000-10-30,9,NCCI-2026Q4
76700,99203,2000-10-30,2000-10-30,9,NCCI-2026Q4
76700,99204,2000-10-30,2000-10-30,9,NCCI-2026Q4
76700,99205,2000-10-30,2000-10-30,9,NCCI-2026Q4
76700,99211,2000-10-30,2000-10-30,9,NCCI-2026Q4
76700,99212,2000-10-30,2000-10-30,9,NCCI-2026Q4
76700,99213,2000-10-30,2000-10-30,9,NCCI-2026Q4
76700,99214,2000-10-30,2000-10-30,9,NCCI-2026Q4
76700,99215,2000-10-30,2000-10-30,9,NCCI-2026Q4
76700,99221,2000-10-30,2000-10-30,9,NCCI-2026Q4
76700,99222,2000-10-30,2000-10-30,9,NCCI-2026Q4
76700,99223,2000-10-30,2000-10-30,9,NCCI-2026Q4
76700,99231,2000-10-30,2000-10-30,9,NCCI-2026Q4
76700,99232,2000-10-30,2000-10-30,9,NCCI-2026Q4
76700,99233,2000-10-30,2000-10-30,9,NCCI-2026Q4
76942,99201,2000-10-30,2000-10-30,9,NCCI-2026Q4
76942,99202,2000-10-30,2000-10-30,9,NCCI-2026Q4
76942,99203,2000-10-30,2000-10-30,9,NCCI-2026Q4
76942,99204,2000-10-30,2000-10-30,9,NCCI-2026Q4
76942,99205,2000-10-30,2000-10-30,9,NCCI-2026Q4
76942,99211,2000-10-30,2000-10-30,9,NCCI-2026Q4
76942,99212,2000-10-30,2000-10-30,9,NCCI-2026Q4
76942,99213,2000-10-30,2000-10-30,9,NCCI-2026Q4
76942,99214,2000-10-30,2000-10-30,9,NCCI-2026Q4
76942,99215,2000-10-30,2000-10-30,9,NCCI-2026Q4
76942,99221,2000-10-30,2000-10-30,9,NCCI-2026Q4
76942,99222,2000-10-30,2000-10-30,9,NCCI-2026Q4
76942,99223,2000-10-30,2000-10-30,9,NCCI-2026Q4
76942,99231,2000-10-30,2000-10-30,9,NCCI-2026Q4
76942,99232,2000-10-30,2000-10-30,9,NCCI-2026Q4
76942,99233,2000-10-30,2000-10-30,9,NCCI-2026Q4
77062,77061,2016-01-01,,0,NCCI-2026Q4
77067,77061,2017-01-01,,1,NCCI-2026Q4
77067,77062,2017-01-01,,1,NCCI-2026Q4
90471,99201,2020-10-01,2020-12-31,1,NCCI-2026Q4
90471,99201,2013-01-01,2019-12-31,1,NCCI-2026Q4
90471,99202,2020-10-01,,1,NCCI-2026Q4
90471,99202,2013-01-01,2019-12-31,1,NCCI-2026Q4
90471,99203,2020-10-01,,1,NCCI-2026Q4
90471,99203,2013-01-01,2019-12-31,1,NCCI-2026Q4
90471,99204,2020-10-01,,1,NCCI-2026Q4
90471,99204,2013-01-01,2019-12-31,1,NCCI-2026Q4
90471,99205,2020-10-01,,1,NCCI-2026Q4
90471,99205,2013-01-01,2019-12-31,1,NCCI-2026Q4
90471,99211,2021-10-01,,1,NCCI-2026Q4
90471,99211,2020-10-01,2021-09-30,0,NCCI-2026Q4
90471,99211,2006-01-01,2019-12-31,0,NCCI-2026Q4
90471,99212,2020-10-01,,1,NCCI-2026Q4
90471,99212,2013-01-01,2019-12-31,1,NCCI-2026Q4
90471,99213,2020-10-01,,1,NCCI-2026Q4
90471,99213,2013-01-01,2019-12-31,1,NCCI-2026Q4
90471,99214,2020-10-01,,1,NCCI-2026Q4
90471,99214,2013-01-01,2019-12-31,1,NCCI-2026Q4
90471,99215,2020-10-01,,1,NCCI-2026Q4
90471,99215,2013-01-01,2019-12-31,1,NCCI-2026Q4
90471,99281,2020-10-01,,1,NCCI-2026Q4
90471,99281,2013-01-01,2019-12-31,1,NCCI-2026Q4
90471,99282,2020-10-01,,1,NCCI-2026Q4
90471,99282,2013-01-01,2019-12-31,1,NCCI-2026Q4
90471,99283,2020-10-01,,1,NCCI-2026Q4
90471,99283,2013-01-01,2019-12-31,1,NCCI-2026Q4
90471,99284,2020-10-01,,1,NCCI-2026Q4
90471,99284,2013-01-01,2019-12-31,1,NCCI-2026Q4
90471,99285,2020-10-01,,1,NCCI-2026Q4
90471,99285,2013-01-01,2019-12-31,1,NCCI-2026Q4
90471,G0008,2005-04-01,,1,NCCI-2026Q4
90472,99201,2020-10-01,2020-12-31,1,NCCI-2026Q4
90472,99201,2013-01-01,2019-12-31,1,NCCI-2026Q4
90472,99202,2020-10-01,,1,NCCI-2026Q4
90472,99202,2013-01-01,2019-12-31,1,NCCI-2026Q4
90472,99203,2020-10-01,,1,NCCI-2026Q4
90472,99203,2013-01-01,2019-12-31,1,NCCI-2026Q4
90472,99204,2020-10-01,,1,NCCI-2026Q4
90472,99204,2013-01-01,2019-12-31,1,NCCI-2026Q4
90472,99205,2020-10-01,,1,NCCI-2026Q4
90472,99205,2013-01-01,2019-12-31,1,NCCI-2026Q4
90472,99211,2021-10-01,,1,NCCI-2026Q4
90472,99211,2020-10-01,2021-09-30,0,NCCI-2026Q4
90472,99211,2006-01-01,2019-12-31,0,NCCI-2026Q4
90472,99212,2020-10-01,,1,NCCI-2026Q4
90472,99212,2013-01-01,2019-12-31,1,NCCI-2026Q4
90472,99213,2020-10-01,,1,NCCI-2026Q4
90472,99213,2013-01-01,2019-12-31,1,NCCI-2026Q4
90472,99214,2020-10-01,,1,NCCI-2026Q4
90472,99214,2013-01-01,2019-12-31,1,NCCI-2026Q4
90472,99215,2020-10-01,,1,NCCI-2026Q4
90472,99215,2013-01-01,2019-12-31,1,NCCI-2026Q4
90472,99281,2020-10-01,,1,NCCI-2026Q4
90472,99281,2013-01-01,2019-12-31,1,NCCI-2026Q4
90472,99282,2020-10-01,,1,NCCI-2026Q4
90472,99282,2013-01-01,2019-12-31,1,NCCI-2026Q4
90472,99283,2020-10-01,,1,NCCI-2026Q4
90472,99283,2013-01-01,2019-12-31,1,NCCI-2026Q4
90472,99284,2020-10-01,,1,NCCI-2026Q4
90472,99284,2013-01-01,2019-12-31,1,NCCI-2026Q4
90472,99285,2020-10-01,,1,NCCI-2026Q4
90472,99285,2013-01-01,2019-12-31,1,NCCI-2026Q4
92004,99201,2000-10-30,2000-10-30,9,NCCI-2026Q4
92004,99202,2000-10-30,2000-10-30,9,NCCI-2026Q4
92004,99203,2000-10-30,2000-10-30,9,NCCI-2026Q4
92004,99204,2000-10-30,2000-10-30,9,NCCI-2026Q4
92004,99205,2000-10-30,2000-10-30,9,NCCI-2026Q4
92004,99211,2000-10-30,2000-10-30,9,NCCI-2026Q4
92004,99212,2000-10-30,2000-10-30,9,NCCI-2026Q4
92004,99213,2000-10-30,2000-10-30,9,NCCI-2026Q4
92004,99214,2000-10-30,2000-10-30,9,NCCI-2026Q4
92004,99215,2000-10-30,2000-10-30,9,NCCI-2026Q4
92004,99221,2000-10-30,2000-10-30,9,NCCI-2026Q4
92004,99222,2000-10-30,2000-10-30,9,NCCI-2026Q4
92004,99223,2000-10-30,2000-10-30,9,NCCI-2026Q4
92004,99231,2000-10-30,2000-10-30,9,NCCI-2026Q4
92004,99232,2000-10-30,2000-10-30,9,NCCI-2026Q4
92004,99233,2000-10-30,2000-10-30,9,NCCI-2026Q4
92012,92004,1996-01-01,,0,NCCI-2026Q4
92012,92014,1996-01-01,,0,NCCI-2026Q4
92012,99201,2000-10-30,2000-10-30,9,NCCI-2026Q4
92012,99202,2000-10-30,2000-10-30,9,NCCI-2026Q4
92012,99203,2000-10-30,2000-10-30,9,NCCI-2026Q4
92012,99204,2000-10-30,2000-10-30,9,NCCI-2026Q4
92012,99205,2000-10-30,2000-10-30,9,NCCI-2026Q4
92012,99211,2000-10-30,2000-10-30,9,NCCI-2026Q4
92012,99212,2000-10-30,2000-10-30,9,NCCI-2026Q4
92012,99213,2000-10-30,2000-10-30,9,NCCI-2026Q4
92012,99214,2000-10-30,2000-10-30,9,NCCI-2026Q4
92012,99215,2000-10-30,2000-10-30,9,NCCI-2026Q4
92012,99221,2000-10-30,2000-10-30,9,NCCI-2026Q4
92012,99222,2000-10-30,2000-10-30,9,NCCI-2026Q4
92012,99223,2000-10-30,2000-10-30,9,NCCI-2026Q4
92012,99231,2000-10-30,2000-10-30,9,NCCI-2026Q4
92012,99232,2000-10-30,2000-10-30,9,NCCI-2026Q4
92012,99233,2000-10-30,2000-10-30,9,NCCI-2026Q4
92014,92004,1996-01-01,,0,NCCI-2026Q4
92014,99201,2000-10-30,2000-10-30,9,NCCI-2026Q4
92014,99202,2000-10-30,2000-10-30,9,NCCI-2026Q4
92014,99203,2000-10-30,2000-10-30,9,NCCI-2026Q4
92014,99204,2000-10-30,2000-10-30,9,NCCI-2026Q4
92014,99205,2000-10-30,2000-10-30,9,NCCI-2026Q4
92014,99211,2000-10-30,2000-10-30,9,NCCI-2026Q4
92014,99212,2000-10-30,2000-10-30,9,NCCI-2026Q4
92014,99213,2000-10-30,2000-10-30,9,NCCI-2026Q4
92014,99214,2000-10-30,2000-10-30,9,NCCI-2026Q4
92014,99215,2000-10-30,2000-10-30,9,NCCI-2026Q4
92014,99221,2000-10-30,2000-10-30,9,NCCI-2026Q4
92014,99222,2000-10-30,2000-10-30,9,NCCI-2026Q4
92014,99223,2000-10-30,2000-10-30,9,NCCI-2026Q4
92014,99231,2000-10-30,2000-10-30,9,NCCI-2026Q4
92014,99232,2000-10-30,2000-10-30,9,NCCI-2026Q4
92014,99233,2000-10-30,2000-10-30,9,NCCI-2026Q4
93000,93005,1996-01-01,,1,NCCI-2026Q4
93000,93010,1996-01-01,,1,NCCI-2026Q4
93000,99211,2020-10-01,,1,NCCI-2026Q4
93000,99211,2014-04-01,2019-12-31,1,NCCI-2026Q4
93005,93010,2005-10-01,2005-10-01,9,NCCI-2026Q4
93005,99211,2020-10-01,,1,NCCI-2026Q4
93005,99211,2014-04-01,2019-12-31,1,NCCI-2026Q4
93010,99211,2020-10-01,,1,NCCI-2026Q4
93010,99211,2014-04-01,2019-12-31,1,NCCI-2026Q4
93306,93307,2009-01-01,,0,NCCI-2026Q4
93306,93308,2009-01-01,,1,NCCI-2026Q4
93306,93320,2009-01-01,,0,NCCI-2026Q4
93306,93321,2009-01-01,,1,NCCI-2026Q4
93306,93325,2009-04-01,,1,NCCI-2026Q4
93306,96374,2009-01-01,,1,NCCI-2026Q4
93306,96375,2009-01-01,,1,NCCI-2026Q4
93307,93308,1996-01-01,,1,NCCI-2026Q4
93307,93320,2009-01-01,,0,NCCI-2026Q4
93307,93321,2009-01-01,,0,NCCI-2026Q4
93307,93325,2009-01-01,,0,NCCI-2026Q4
93307,96374,2009-01-01,,1,NCCI-2026Q4
93307,96375,2009-01-01,,1,NCCI-2026Q4
93307,99201,2000-10-30,2000-10-30,9,NCCI-2026Q4
93307,99202,2000-10-30,2000-10-30,9,NCCI-2026Q4
93307,99203,2000-10-30,2000-10-30,9,NCCI-2026Q4
93307,99204,2000-10-30,2000-10-30,9,NCCI-2026Q4
93307,99205,2000-10-30,2000-10-30,9,NCCI-2026Q4
93307,99211,2000-10-30,2000-10-30,9,NCCI-2026Q4
93307,99212,2000-10-30,2000-10-30,9,NCCI-2026Q4
93307,99213,2000-10-30,2000-10-30,9,NCCI-2026Q4
93307,99214,2000-10-30,2000-10-30,9,NCCI-2026Q4
93307,99215,2000-10-30,2000-10-30,9,NCCI-2026Q4
93307,99221,2000-10-30,2000-10-30,9,NCCI-2026Q4
93307,99222,2000-10-30,2000-10-30,9,NCCI-2026Q4
93307,99223,2000-10-30,2000-10-30,9,NCCI-2026Q4
93307,99231,2000-10-30,2000-10-30,9,NCCI-2026Q4
93307,99232,2000-10-30,2000-10-30,9,NCCI-2026Q4
93307,99233,2000-10-30,2000-10-30,9,NCCI-2026Q4
93308,93320,2009-01-01,,1,NCCI-2026Q4
93308,96374,2009-01-01,,1,NCCI-2026Q4
93308,96375,2009-01-01,,1,NCCI-2026Q4
93308,99201,2000-10-30,2000-10-30,9,NCCI-2026Q4
93308,99202,2000-10-30,2000-10-30,9,NCCI-2026Q4
93308,99203,2000-10-30,2000-10-30,9,NCCI-2026Q4
93308,99204,2000-10-30,2000-10-30,9,NCCI-2026Q4
93308,99205,2000-10-30,2000-10-30,9,NCCI-2026Q4
93308,99211,2000-10-30,2000-10-30,9,NCCI-2026Q4
93308,99212,2000-10-30,2000-10-30,9,NCCI-2026Q4
93308,99213,2000-10-30,2000-10-30,9,NCCI-2026Q4
93308,99214,2000-10-30,2000-10-30,9,NCCI-2026Q4
93308,99215,2000-10-30,2000-10-30,9,NCCI-2026Q4
93308,99221,2000-10-30,2000-10-30,9,NCCI-2026Q4
93308,99222,2000-10-30,2000-10-30,9,NCCI-2026Q4
93308,99223,2000-10-30,2000-10-30,9,NCCI-2026Q4
93308,99231,2000-10-30,2000-10-30,9,NCCI-2026Q4
93308,99232,2000-10-30,2000-10-30,9,NCCI-2026Q4
93308,99233,2000-10-30,2000-10-30,9,NCCI-2026Q4
93320,93321,1996-01-01,1996-12-31,0,NCCI-2026Q4
93320,93325,2009-01-01,2009-01-01,9,NCCI-2026Q4
96372,99201,2020-10-01,2020-12-31,1,NCCI-2026Q4
96372,99201,2009-01-01,2019-12-31,1,NCCI-2026Q4
96372,99202,2020-10-01,,1,NCCI-2026Q4
96372,99202,2009-01-01,2019-12-31,1,NCCI-2026Q4
96372,99203,2020-10-01,,1,NCCI-2026Q4
96372,99203,2009-01-01,2019-12-31,1,NCCI-2026Q4
96372,99204,2020-10-01,,1,NCCI-2026Q4
96372,99204,2009-01-01,2019-12-31,1,NCCI-2026Q4
96372,99205,2020-10-01,,1,NCCI-2026Q4
96372,99205,2009-01-01,2019-12-31,1,NCCI-2026Q4
96372,99211,2020-10-01,,0,NCCI-2026Q4
96372,99211,2009-01-01,2019-12-31,0,NCCI-2026Q4
96372,99212,2020-10-01,,1,NCCI-2026Q4
96372,99212,2009-01-01,2019-12-31,1,NCCI-2026Q4
96372,99213,2020-10-01,,1,NCCI-2026Q4
96372,99213,2009-01-01,2019-12-31,1,NCCI-2026Q4
96372,99214,2020-10-01,,1,NCCI-2026Q4
96372,99214,2009-01-01,2019-12-31,1,NCCI-2026Q4
96372,99215,2020-10-01,,1,NCCI-2026Q4
96372,99215,2009-01-01,2019-12-31,1,NCCI-2026Q4
96374,96372,2009-01-01,,1,NCCI-2026Q4
96374,99201,2020-10-01,2020-12-31,1,NCCI-2026Q4
96374,99201,2009-01-01,2019-12-31,1,NCCI-2026Q4
96374,99202,2020-10-01,,1,NCCI-2026Q4
96374,99202,2009-01-01,2019-12-31,1,NCCI-2026Q4
96374,99203,2020-10-01,,1,NCCI-2026Q4
96374,99203,2009-01-01,2019-12-31,1,NCCI-2026Q4
96374,99204,2020-10-01,,1,NCCI-2026Q4
96374,99204,2009-01-01,2019-12-31,1,NCCI-2026Q4
96374,99205,2020-10-01,,1,NCCI-2026Q4
96374,99205,2009-01-01,2019-12-31,1,NCCI-2026Q4
96374,99211,2020-10-01,,0,NCCI-2026Q4
96374,99211,2009-01-01,2019-12-31,0,NCCI-2026Q4
96374,99212,2020-10-01,,1,NCCI-2026Q4
96374,99212,2009-01-01,2019-12-31,1,NCCI-2026Q4
96374,99213,2020-10-01,,1,NCCI-2026Q4
96374,99213,2009-01-01,2019-12-31,1,NCCI-2026Q4
96374,99214,2020-10-01,,1,NCCI-2026Q4
96374,99214,2009-01-01,2019-12-31,1,NCCI-2026Q4
96374,99215,2020-10-01,,1,NCCI-2026Q4
96374,99215,2009-01-01,2019-12-31,1,NCCI-2026Q4
97110,62323,2020-10-01,,1,NCCI-2026Q4
97110,62323,2017-01-01,2019-12-31,1,NCCI-2026Q4
97110,64483,2020-10-01,,1,NCCI-2026Q4
97110,64483,2003-04-01,2019-12-31,1,NCCI-2026Q4
97110,64484,2020-10-01,,1,NCCI-2026Q4
97110,64484,2003-04-01,2019-12-31,1,NCCI-2026Q4
97110,97140,1999-04-01,1999-04-01,9,NCCI-2026Q4
97110,99201,2000-10-30,2000-10-30,9,NCCI-2026Q4
97110,99202,2000-10-30,2000-10-30,9,NCCI-2026Q4
97110,99203,2000-10-30,2000-10-30,9,NCCI-2026Q4
97110,99204,2000-10-30,2000-10-30,9,NCCI-2026Q4
97110,99205,2000-10-30,2000-10-30,9,NCCI-2026Q4
97110,99211,2000-10-30,2000-10-30,9,NCCI-2026Q4
97110,99212,2000-10-30,2000-10-30,9,NCCI-2026Q4
97110,99213,2000-10-30,2000-10-30,9,NCCI-2026Q4
97110,99214,2000-10-30,2000-10-30,9,NCCI-2026Q4
97110,99215,2000-10-30,2000-10-30,9,NCCI-2026Q4
97110,99221,2000-10-30,2000-10-30,9,NCCI-2026Q4
97110,99222,2000-10-30,2000-10-30,9,NCCI-2026Q4
97110,99223,2000-10-30,2000-10-30,9,NCCI-2026Q4
97110,99231,2000-10-30,2000-10-30,9,NCCI-2026Q4
97110,99232,2000-10-30,2000-10-30,9,NCCI-2026Q4
97110,99233,2000-10-30,2000-10-30,9,NCCI-2026Q4
97112,62323,2020-10-01,,1,NCCI-2026Q4
97112,62323,2017-01-01,2019-12-31,1,NCCI-2026Q4
97112,64483,2020-10-01,,1,NCCI-2026Q4
97112,64483,2003-04-01,2019-12-31,1,NCCI-2026Q4
97112,64484,2020-10-01,,1,NCCI-2026Q4
97112,64484,2003-04-01,2019-12-31,1,NCCI-2026Q4
97112,97140,1999-04-01,1999-04-01,9,NCCI-2026Q4
97112,99201,2000-10-30,2000-10-30,9,NCCI-2026Q4
97112,99202,2000-10-30,2000-10-30,9,NCCI-2026Q4
97112,99203,2000-10-30,2000-10-30,9,NCCI-2026Q4
97112,99204,2000-10-30,2000-10-30,9,NCCI-2026Q4
97112,99205,2000-10-30,2000-10-30,9,NCCI-2026Q4
97112,99211,2000-10-30,2000-10-30,9,NCCI-2026Q4
97112,99212,2000-10-30,2000-10-30,9,NCCI-2026Q4
97112,99213,2000-10-30,2000-10-30,9,NCCI-2026Q4
97112,99214,2000-10-30,2000-10-30,9,NCCI-2026Q4
97112,99215,2000-10-30,2000-10-30,9,NCCI-2026Q4
97112,99221,2000-10-30,2000-10-30,9,NCCI-2026Q4
97112,99222,2000-10-30,2000-10-30,9,NCCI-2026Q4
97112,99223,2000-10-30,2000-10-30,9,NCCI-2026Q4
97112,99231,2000-10-30,2000-10-30,9,NCCI-2026Q4
97112,99232,2000-10-30,2000-10-30,9,NCCI-2026Q4
97112,99233,2000-10-30,2000-10-30,9,NCCI-2026Q4
97116,62323,2020-10-01,,1,NCCI-2026Q4
97116,62323,2017-01-01,2019-12-31,1,NCCI-2026Q4
97116,64483,2020-10-01,,1,NCCI-2026Q4
97116,64483,2003-04-01,2019-12-31,1,NCCI-2026Q4
97116,64484,2020-10-01,,1,NCCI-2026Q4
97116,64484,2003-04-01,2019-12-31,1,NCCI-2026Q4
97116,97140,1999-04-01,1999-04-01,9,NCCI-2026Q4
97116,99201,2000-10-30,2000-10-30,9,NCCI-2026Q4
97116,99202,2000-10-30,2000-10-30,9,NCCI-2026Q4
97116,99203,2000-10-30,2000-10-30,9,NCCI-2026Q4
97116,99204,2000-10-30,2000-10-30,9,NCCI-2026Q4
97116,99205,2000-10-30,2000-10-30,9,NCCI-2026Q4
97116,99211,2000-10-30,2000-10-30,9,NCCI-2026Q4
97116,99212,2000-10-30,2000-10-30,9,NCCI-2026Q4
97116,99213,2000-10-30,2000-10-30,9,NCCI-2026Q4
97116,99214,2000-10-30,2000-10-30,9,NCCI-2026Q4
97116,99215,2000-10-30,2000-10-30,9,NCCI-2026Q4
97116,99221,2000-10-30,2000-10-30,9,NCCI-2026Q4
97116,99222,2000-10-30,2000-10-30,9,NCCI-2026Q4
97116,99223,2000-10-30,2000-10-30,9,NCCI-2026Q4
97116,99231,2000-10-30,2000-10-30,9,NCCI-2026Q4
97116,99232,2000-10-30,2000-10-30,9,NCCI-2026Q4
97116,99233,2000-10-30,2000-10-30,9,NCCI-2026Q4
97140,62323,2017-01-01,,1,NCCI-2026Q4
97140,64483,2003-04-01,,1,NCCI-2026Q4
97140,64484,2003-04-01,,1,NCCI-2026Q4
97140,97530,2000-07-01,2019-12-31,1,NCCI-2026Q4
97140,99201,2000-10-30,2000-10-30,9,NCCI-2026Q4
97140,99202,2000-10-30,2000-10-30,9,NCCI-2026Q4
97140,99203,2000-10-30,2000-10-30,9,NCCI-2026Q4
97140,99204,2000-10-30,2000-10-30,9,NCCI-2026Q4
97140,99205,2000-10-30,2000-10-30,9,NCCI-2026Q4
97140,99211,2000-10-30,2000-10-30,9,NCCI-2026Q4
97140,99212,2000-10-30,2000-10-30,9,NCCI-2026Q4
97140,99213,2000-10-30,2000-10-30,9,NCCI-2026Q4
97140,99214,2000-10-30,2000-10-30,9,NCCI-2026Q4
97140,99215,2000-10-30,2000-10-30,9,NCCI-2026Q4
97140,99221,2000-10-30,2000-10-30,9,NCCI-2026Q4
97140,99222,2000-10-30,2000-10-30,9,NCCI-2026Q4
97140,99223,2000-10-30,2000-10-30,9,NCCI-2026Q4
97140,99231,2000-10-30,2000-10-30,9,NCCI-2026Q4
97140,99232,2000-10-30,2000-10-30,9,NCCI-2026Q4
97140,99233,2000-10-30,2000-10-30,9,NCCI-2026Q4
97161,62323,2020-10-01,,1,NCCI-2026Q4
97161,62323,2017-01-01,2019-12-31,1,NCCI-2026Q4
97161,64483,2020-10-01,,1,NCCI-2026Q4
97161,64483,2017-01-01,2019-12-31,1,NCCI-2026Q4
97161,64484,2020-10-01,,1,NCCI-2026Q4
97161,64484,2017-01-01,2019-12-31,1,NCCI-2026Q4
97161,97140,2020-10-01,2020-10-01,9,NCCI-2026Q4
97161,97140,2020-01-01,2020-01-01,9,NCCI-2026Q4
97161,99201,2020-10-01,2020-12-31,1,NCCI-2026Q4
97161,99201,2017-01-01,2019-12-31,1,NCCI-2026Q4
97161,99202,2020-10-01,,1,NCCI-2026Q4
97161,99202,2017-01-01,2019-12-31,1,NCCI-2026Q4
97161,99203,2020-10-01,,1,NCCI-2026Q4
97161,99203,2017-01-01,2019-12-31,1,NCCI-2026Q4
97161,99204,2020-10-01,,1,NCCI-2026Q4
97161,99204,2017-01-01,2019-12-31,1,NCCI-2026Q4
97161,99205,2020-10-01,,1,NCCI-2026Q4
97161,99205,2017-01-01,2019-12-31,1,NCCI-2026Q4
97161,99211,2020-10-01,,1,NCCI-2026Q4
97161,99211,2017-01-01,2019-12-31,1,NCCI-2026Q4
97161,99212,2020-10-01,,1,NCCI-2026Q4
97161,99212,2017-01-01,2019-12-31,1,NCCI-2026Q4
97161,99213,2020-10-01,,1,NCCI-2026Q4
97161,99213,2017-01-01,2019-12-31,1,NCCI-2026Q4
97161,99214,2020-10-01,,1,NCCI-2026Q4
97161,99214,2017-01-01,2019-12-31,1,NCCI-2026Q4
97161,99215,2020-10-01,,1,NCCI-2026Q4
97161,99215,2017-01-01,2019-12-31,1,NCCI-2026Q4
97161,99221,2020-10-01,,1,NCCI-2026Q4
97161,99221,2017-01-01,2019-12-31,1,NCCI-2026Q4
97161,99222,2020-10-01,,1,NCCI-2026Q4
97161,99222,2017-01-01,2019-12-31,1,NCCI-2026Q4
97161,99223,2020-10-01,,1,NCCI-2026Q4
97161,99223,2017-01-01,2019-12-31,1,NCCI-2026Q4
97161,99231,2020-10-01,,1,NCCI-2026Q4
97161,99231,2017-01-01,2019-12-31,1,NCCI-2026Q4
97161,99232,2020-10-01,,1,NCCI-2026Q4
97161,99232,2017-01-01,2019-12-31,1,NCCI-2026Q4
97161,99233,2020-10-01,,1,NCCI-2026Q4
97161,99233,2017-01-01,2019-12-31,1,NCCI-2026Q4
97162,62323,2020-10-01,,1,NCCI-2026Q4
97162,62323,2017-01-01,2019-12-31,1,NCCI-2026Q4
97162,64483,2020-10-01,,1,NCCI-2026Q4
97162,64483,2017-01-01,2019-12-31,1,NCCI-2026Q4
97162,64484,2020-10-01,,1,NCCI-2026Q4
97162,64484,2017-01-01,2019-12-31,1,NCCI-2026Q4
97162,97140,2020-10-01,2020-10-01,9,NCCI-2026Q4
97162,97140,2020-01-01,2020-01-01,9,NCCI-2026Q4
97162,97161,2020-10-01,,0,NCCI-2026Q4
97162,97161,2017-01-01,2019-12-31,0,NCCI-2026Q4
97162,99201,2020-10-01,2020-12-31,1,NCCI-2026Q4
97162,99201,2017-01-01,2019-12-31,1,NCCI-2026Q4
97162,99202,2020-10-01,,1,NCCI-2026Q4
97162,99202,2017-01-01,2019-12-31,1,NCCI-2026Q4
97162,99203,2020-10-01,,1,NCCI-2026Q4
97162,99203,2017-01-01,2019-12-31,1,NCCI-2026Q4
97162,99204,2020-10-01,,1,NCCI-2026Q4
97162,99204,2017-01-01,2019-12-31,1,NCCI-2026Q4
97162,99205,2020-10-01,,1,NCCI-2026Q4
97162,99205,2017-01-01,2019-12-31,1,NCCI-2026Q4
97162,99211,2020-10-01,,1,NCCI-2026Q4
97162,99211,2017-01-01,2019-12-31,1,NCCI-2026Q4
97162,99212,2020-10-01,,1,NCCI-2026Q4
97162,99212,2017-01-01,2019-12-31,1,NCCI-2026Q4
97162,99213,2020-10-01,,1,NCCI-2026Q4
97162,99213,2017-01-01,2019-12-31,1,NCCI-2026Q4
97162,99214,2020-10-01,,1,NCCI-2026Q4
97162,99214,2017-01-01,2019-12-31,1,NCCI-2026Q4
97162,99215,2020-10-01,,1,NCCI-2026Q4
97162,99215,2017-01-01,2019-12-31,1,NCCI-2026Q4
97162,99221,2020-10-01,,1,NCCI-2026Q4
97162,99221,2017-01-01,2019-12-31,1,NCCI-2026Q4
97162,99222,2020-10-01,,1,NCCI-2026Q4
97162,99222,2017-01-01,2019-12-31,1,NCCI-2026Q4
97162,99223,2020-10-01,,1,NCCI-2026Q4
97162,99223,2017-01-01,2019-12-31,1,NCCI-2026Q4
97162,99231,2020-10-01,,1,NCCI-2026Q4
97162,99231,2017-01-01,2019-12-31,1,NCCI-2026Q4
97162,99232,2020-10-01,,1,NCCI-2026Q4
97162,99232,2017-01-01,2019-12-31,1,NCCI-2026Q4
97162,99233,2020-10-01,,1,NCCI-2026Q4
97162,99233,2017-01-01,2019-12-31,1,NCCI-2026Q4
97163,62323,2020-10-01,,1,NCCI-2026Q4
97163,62323,2017-01-01,2019-12-31,1,NCCI-2026Q4
97163,64483,2020-10-01,,1,NCCI-2026Q4
97163,64483,2017-01-01,2019-12-31,1,NCCI-2026Q4
97163,64484,2020-10-01,,1,NCCI-2026Q4
97163,64484,2017-01-01,2019-12-31,1,NCCI-2026Q4
97163,97140,2020-10-01,2020-10-01,9,NCCI-2026Q4
97163,97140,2020-01-01,2020-01-01,9,NCCI-2026Q4
97163,97161,2020-10-01,,0,NCCI-2026Q4
97163,97161,2017-01-01,2019-12-31,0,NCCI-2026Q4
97163,97162,2020-10-01,,0,NCCI-2026Q4
97163,97162,2017-01-01,2019-12-31,0,NCCI-2026Q4
97163,99201,2020-10-01,2020-12-31,1,NCCI-2026Q4
97163,99201,2017-01-01,2019-12-31,1,NCCI-2026Q4
97163,99202,2020-10-01,,1,NCCI-2026Q4
97163,99202,2017-01-01,2019-12-31,1,NCCI-2026Q4
97163,99203,2020-10-01,,1,NCCI-2026Q4
97163,99203,2017-01-01,2019-12-31,1,NCCI-2026Q4
97163,99204,2020-10-01,,1,NCCI-2026Q4
97163,99204,2017-01-01,2019-12-31,1,NCCI-2026Q4
97163,99205,2020-10-01,,1,NCCI-2026Q4
97163,99205,2017-01-01,2019-12-31,1,NCCI-2026Q4
97163,99211,2020-10-01,,1,NCCI-2026Q4
97163,99211,2017-01-01,2019-12-31,1,NCCI-2026Q4
97163,99212,2020-10-01,,1,NCCI-2026Q4
97163,99212,2017-01-01,2019-12-31,1,NCCI-2026Q4
97163,99213,2020-10-01,,1,NCCI-2026Q4
97163,99213,2017-01-01,2019-12-31,1,NCCI-2026Q4
97163,99214,2020-10-01,,1,NCCI-2026Q4
97163,99214,2017-01-01,2019-12-31,1,NCCI-2026Q4
97163,99215,2020-10-01,,1,NCCI-2026Q4
97163,99215,2017-01-01,2019-12-31,1,NCCI-2026Q4
97163,99221,2020-10-01,,1,NCCI-2026Q4
97163,99221,2017-01-01,2019-12-31,1,NCCI-2026Q4
97163,99222,2020-10-01,,1,NCCI-2026Q4
97163,99222,2017-01-01,2019-12-31,1,NCCI-2026Q4
97163,99223,2020-10-01,,1,NCCI-2026Q4
97163,99223,2017-01-01,2019-12-31,1,NCCI-2026Q4
97163,99231,2020-10-01,,1,NCCI-2026Q4
97163,99231,2017-01-01,2019-12-31,1,NCCI-2026Q4
97163,99232,2020-10-01,,1,NCCI-2026Q4
97163,99232,2017-01-01,2019-12-31,1,NCCI-2026Q4
97163,99233,2020-10-01,,1,NCCI-2026Q4
97163,99233,2017-01-01,2019-12-31,1,NCCI-2026Q4
97530,62323,2017-01-01,,1,NCCI-2026Q4
97530,64483,2003-04-01,,1,NCCI-2026Q4
97530,64484,2003-04-01,,1,NCCI-2026Q4
97530,97110,1996-01-01,1996-01-01,9,NCCI-2026Q4
97530,97112,1996-01-01,1996-01-01,9,NCCI-2026Q4
97530,97116,2020-10-01,2020-10-01,9,NCCI-2026Q4
97530,97116,1999-07-01,2019-12-31,1,NCCI-2026Q4
97530,97116,1996-01-01,1996-01-01,9,NCCI-2026Q4
97530,97161,2020-01-01,2020-01-01,9,NCCI-2026Q4
97530,97162,2020-01-01,2020-01-01,9,NCCI-2026Q4
97530,97163,2020-01-01,2020-01-01,9,NCCI-2026Q4
97530,99201,2000-10-30,2000-10-30,9,NCCI-2026Q4
97530,99202,2000-10-30,2000-10-30,9,NCCI-2026Q4
97530,99203,2000-10-30,2000-10-30,9,NCCI-2026Q4
97530,99204,2000-10-30,2000-10-30,9,NCCI-2026Q4
97530,99205,2000-10-30,2000-10-30,9,NCCI-2026Q4
97530,99211,2000-10-30,2000-10-30,9,NCCI-2026Q4
97530,99212,2000-10-30,2000-10-30,9,NCCI-2026Q4
97530,99213,2000-10-30,2000-10-30,9,NCCI-2026Q4
97530,99214,2000-10-30,2000-10-30,9,NCCI-2026Q4
97530,99215,2000-10-30,2000-10-30,9,NCCI-2026Q4
97530,99221,2000-10-30,2000-10-30,9,NCCI-2026Q4
97530,99222,2000-10-30,2000-10-30,9,NCCI-2026Q4
97530,99223,2000-10-30,2000-10-30,9,NCCI-2026Q4
97530,99231,2000-10-30,2000-10-30,9,NCCI-2026Q4
97530,99232,2000-10-30,2000-10-30,9,NCCI-2026Q4
97530,99233,2000-10-30,2000-10-30,9,NCCI-2026Q4
97597,11720,2005-01-01,,1,NCCI-2026Q4
97597,11721,2005-01-01,,1,NCCI-2026Q4
97597,62323,2017-01-01,,0,NCCI-2026Q4
97597,64483,2005-01-01,,1,NCCI-2026Q4
97597,64484,2017-04-01,,0,NCCI-2026Q4
97597,92012,2014-04-01,,1,NCCI-2026Q4
97597,92012,2013-07-01,2013-07-01,9,NCCI-2026Q4
97597,92014,2014-04-01,,1,NCCI-2026Q4
97597,92014,2013-07-01,2013-07-01,9,NCCI-2026Q4
97597,93000,2011-01-01,,1,NCCI-2026Q4
97597,93005,2011-01-01,,1,NCCI-2026Q4
97597,93010,2011-01-01,,1,NCCI-2026Q4
97597,96372,2009-01-01,,1,NCCI-2026Q4
97597,96374,2009-01-01,,1,NCCI-2026Q4
97597,96375,2009-01-01,,1,NCCI-2026Q4
97597,99211,2020-10-01,,1,NCCI-2026Q4
97597,99211,2013-07-01,2019-12-31,1,NCCI-2026Q4
97597,99212,2020-10-01,,1,NCCI-2026Q4
97597,99212,2013-07-01,2019-12-31,1,NCCI-2026Q4
97597,99213,2020-10-01,,1,NCCI-2026Q4
97597,99213,2013-07-01,2019-12-31,1,NCCI-2026Q4
97597,99214,2020-10-01,,1,NCCI-2026Q4
97597,99214,2013-07-01,2019-12-31,1,NCCI-2026Q4
97597,99215,2020-10-01,,1,NCCI-2026Q4
97597,99215,2013-07-01,2019-12-31,1,NCCI-2026Q4
97597,99221,2020-10-01,,1,NCCI-2026Q4
97597,99221,2013-07-01,2019-12-31,1,NCCI-2026Q4
97597,99222,2020-10-01,,1,NCCI-2026Q4
97597,99222,2013-07-01,2019-12-31,1,NCCI-2026Q4
97597,99223,2020-10-01,,1,NCCI-2026Q4
97597,99223,2013-07-01,2019-12-31,1,NCCI-2026Q4
97597,99231,2020-10-01,,1,NCCI-2026Q4
97597,99231,2013-07-01,2019-12-31,1,NCCI-2026Q4
97597,99232,2020-10-01,,1,NCCI-2026Q4
97597,99232,2013-07-01,2019-12-31,1,NCCI-2026Q4
97597,99233,2020-10-01,,1,NCCI-2026Q4
97597,99233,2013-07-01,2019-12-31,1,NCCI-2026Q4
97598,11720,2005-01-01,,1,NCCI-2026Q4
97598,11721,2005-01-01,,1,NCCI-2026Q4
97598,64483,2005-01-01,,1,NCCI-2026Q4
97598,96372,2009-01-01,,1,NCCI-2026Q4
97598,96374,2009-01-01,,1,NCCI-2026Q4
97598,96375,2009-01-01,,1,NCCI-2026Q4
97598,97597,2005-07-01,2010-12-31,0,NCCI-2026Q4
99201,92004,2020-10-01,2020-12-31,0,NCCI-2026Q4
99201,92004,2003-04-01,2019-12-31,0,NCCI-2026Q4
99201,92012,2020-10-01,2020-12-31,0,NCCI-2026Q4
99201,92012,2003-04-01,2019-12-31,0,NCCI-2026Q4
99201,92014,2020-10-01,2020-12-31,0,NCCI-2026Q4
99201,92014,2003-04-01,2019-12-31,0,NCCI-2026Q4
99201,99211,2020-10-01,2020-12-31,1,NCCI-2026Q4
99201,99211,2014-07-01,2019-12-31,1,NCCI-2026Q4
99201,99212,2020-10-01,2020-12-31,1,NCCI-2026Q4
99201,99212,2014-07-01,2019-12-31,1,NCCI-2026Q4
99201,99213,2020-10-01,2020-12-31,1,NCCI-2026Q4
99201,99213,2014-07-01,2019-12-31,1,NCCI-2026Q4
99201,99214,2020-10-01,2020-12-31,1,NCCI-2026Q4
99201,99214,2014-07-01,2019-12-31,1,NCCI-2026Q4
99201,99215,2020-10-01,2020-12-31,1,NCCI-2026Q4
99201,99215,2014-07-01,2019-12-31,1,NCCI-2026Q4
99202,92004,2020-10-01,,0,NCCI-2026Q4
99202,92004,2003-04-01,2019-12-31,0,NCCI-2026Q4
99202,92012,2020-10-01,,0,NCCI-2026Q4
99202,92012,2003-04-01,2019-12-31,0,NCCI-2026Q4
99202,92014,2020-10-01,,0,NCCI-2026Q4
99202,92014,2003-04-01,2019-12-31,0,NCCI-2026Q4
99202,99201,2020-10-01,2020-12-31,0,NCCI-2026Q4
99202,99201,2007-04-01,2019-12-31,0,NCCI-2026Q4
99202,99211,2020-10-01,,1,NCCI-2026Q4
99202,99211,2014-07-01,2019-12-31,1,NCCI-2026Q4
99202,99212,2020-10-01,,1,NCCI-2026Q4
99202,99212,2014-07-01,2019-12-31,1,NCCI-2026Q4
99202,99213,2020-10-01,,1,NCCI-2026Q4
99202,99213,2014-07-01,2019-12-31,1,NCCI-2026Q4
99202,99214,2020-10-01,,1,NCCI-2026Q4
99202,99214,2014-07-01,2019-12-31,1,NCCI-2026Q4
99202,99215,2020-10-01,,1,NCCI-2026Q4
99202,99215,2014-07-01,2019-12-31,1,NCCI-2026Q4
99203,92004,2020-10-01,,0,NCCI-2026Q4
99203,92004,2003-04-01,2019-12-31,0,NCCI-2026Q4
99203,92012,2020-10-01,,0,NCCI-2026Q4
99203,92012,2003-04-01,2019-12-31,0,NCCI-2026Q4
99203,92014,2020-10-01,,0,NCCI-2026Q4
99203,92014,2003-04-01,2019-12-31,0,NCCI-2026Q4
99203,99201,2020-10-01,2020-12-31,0,NCCI-2026Q4
99203,99201,2007-04-01,2019-12-31,0,NCCI-2026Q4
99203,99202,2020-10-01,,0,NCCI-2026Q4
99203,99202,2007-04-01,2019-12-31,0,NCCI-2026Q4
99203,99211,2020-10-01,,1,NCCI-2026Q4
99203,99211,2014-07-01,2019-12-31,1,NCCI-2026Q4
99203,99212,2020-10-01,,1,NCCI-2026Q4
99203,99212,2014-07-01,2019-12-31,1,NCCI-2026Q4
99203,99213,2020-10-01,,1,NCCI-2026Q4
99203,99213,2014-07-01,2019-12-31,1,NCCI-2026Q4
99203,99214,2020-10-01,,1,NCCI-2026Q4
99203,99214,2014-07-01,2019-12-31,1,NCCI-2026Q4
99203,99215,2020-10-01,,1,NCCI-2026Q4
99203,99215,2014-07-01,2019-12-31,1,NCCI-2026Q4
99204,92004,2020-10-01,,0,NCCI-2026Q4
99204,92004,2003-04-01,2019-12-31,0,NCCI-2026Q4
99204,92012,2020-10-01,,0,NCCI-2026Q4
99204,92012,2003-04-01,2019-12-31,0,NCCI-2026Q4
99204,92014,2020-10-01,,0,NCCI-2026Q4
99204,92014,2003-04-01,2019-12-31,0,NCCI-2026Q4
99204,99201,2020-10-01,2020-12-31,0,NCCI-2026Q4
99204,99201,2007-04-01,2019-12-31,0,NCCI-2026Q4
99204,99202,2020-10-01,,0,NCCI-2026Q4
99204,99202,2007-04-01,2019-12-31,0,NCCI-2026Q4
99204,99203,2020-10-01,,0,NCCI-2026Q4
99204,99203,2007-04-01,2019-12-31,0,NCCI-2026Q4
99204,99211,2020-10-01,,1,NCCI-2026Q4
99204,99211,2014-07-01,2019-12-31,1,NCCI-2026Q4
99204,99212,2020-10-01,,1,NCCI-2026Q4
99204,99212,2014-07-01,2019-12-31,1,NCCI-2026Q4
99204,99213,2020-10-01,,1,NCCI-2026Q4
99204,99213,2014-07-01,2019-12-31,1,NCCI-2026Q4
99204,99214,2020-10-01,,1,NCCI-2026Q4
99204,99214,2014-07-01,2019-12-31,1,NCCI-2026Q4
99204,99215,2020-10-01,,1,NCCI-2026Q4
99204,99215,2014-07-01,2019-12-31,1,NCCI-2026Q4
99205,92004,2020-10-01,,0,NCCI-2026Q4
99205,92004,2003-04-01,2019-12-31,0,NCCI-2026Q4
99205,92012,2020-10-01,,0,NCCI-2026Q4
99205,92012,2003-04-01,2019-12-31,0,NCCI-2026Q4
99205,92014,2020-10-01,,0,NCCI-2026Q4
99205,92014,2003-04-01,2019-12-31,0,NCCI-2026Q4
99205,99201,2020-10-01,2020-12-31,0,NCCI-2026Q4
99205,99201,2007-04-01,2019-12-31,0,NCCI-2026Q4
99205,99202,2020-10-01,,0,NCCI-2026Q4
99205,99202,2007-04-01,2019-12-31,0,NCCI-2026Q4
99205,99203,2020-10-01,,0,NCCI-2026Q4
99205,99203,2007-04-01,2019-12-31,0,NCCI-2026Q4
99205,99204,2020-10-01,,0,NCCI-2026Q4
99205,99204,2007-04-01,2019-12-31,0,NCCI-2026Q4
99205,99211,2020-10-01,,1,NCCI-2026Q4
99205,99211,2014-07-01,2019-12-31,1,NCCI-2026Q4
99205,99212,2020-10-01,,1,NCCI-2026Q4
99205,99212,2014-07-01,2019-12-31,1,NCCI-2026Q4
99205,99213,2020-10-01,,1,NCCI-2026Q4
99205,99213,2014-07-01,2019-12-31,1,NCCI-2026Q4
99205,99214,2020-10-01,,1,NCCI-2026Q4
99205,99214,2014-07-01,2019-12-31,1,NCCI-2026Q4
99205,99215,2020-10-01,,1,NCCI-2026Q4
99205,99215,2014-07-01,2019-12-31,1,NCCI-2026Q4
99211,92004,2020-10-01,,0,NCCI-2026Q4
99211,92004,2003-04-01,2019-12-31,0,NCCI-2026Q4
99211,92012,2020-10-01,,0,NCCI-2026Q4
99211,92012,2003-04-01,2019-12-31,0,NCCI-2026Q4
99211,92014,2020-10-01,,0,NCCI-2026Q4
99211,92014,2003-04-01,2019-12-31,0,NCCI-2026Q4
99212,92004,2020-10-01,,0,NCCI-2026Q4
99212,92004,2003-04-01,2019-12-31,0,NCCI-2026Q4
99212,92012,2020-10-01,,0,NCCI-2026Q4
99212,92012,2003-04-01,2019-12-31,0,NCCI-2026Q4
99212,92014,2020-10-01,,0,NCCI-2026Q4
99212,92014,2003-04-01,2019-12-31,0,NCCI-2026Q4
99212,99211,2020-10-01,,1,NCCI-2026Q4
99212,99211,2014-07-01,2019-12-31,1,NCCI-2026Q4
99213,92004,2020-10-01,,0,NCCI-2026Q4
99213,92004,2003-04-01,2019-12-31,0,NCCI-2026Q4
99213,92012,2020-10-01,,0,NCCI-2026Q4
99213,92012,2003-04-01,2019-12-31,0,NCCI-2026Q4
99213,92014,2020-10-01,,0,NCCI-2026Q4
99213,92014,2003-04-01,2019-12-31,0,NCCI-2026Q4
99213,99211,2020-10-01,,1,NCCI-2026Q4
99213,99211,2014-07-01,2019-12-31,1,NCCI-2026Q4
99213,99212,2020-10-01,,1,NCCI-2026Q4
99213,99212,2014-07-01,2019-12-31,1,NCCI-2026Q4
99214,92004,2020-10-01,,0,NCCI-2026Q4
99214,92004,2003-04-01,2019-12-31,0,NCCI-2026Q4
99214,92012,2020-10-01,,0,NCCI-2026Q4
99214,92012,2003-04-01,2019-12-31,0,NCCI-2026Q4
99214,92014,2020-10-01,,0,NCCI-2026Q4
99214,92014,2003-04-01,2019-12-31,0,NCCI-2026Q4
99214,99211,2020-10-01,,1,NCCI-2026Q4
99214,99211,2014-07-01,2019-12-31,1,NCCI-2026Q4
99214,99212,2020-10-01,,1,NCCI-2026Q4
99214,99212,2014-07-01,2019-12-31,1,NCCI-2026Q4
99214,99213,2020-10-01,,1,NCCI-2026Q4
99214,99213,2014-07-01,2019-12-31,1,NCCI-2026Q4
99215,92004,2020-10-01,,0,NCCI-2026Q4
99215,92004,2003-04-01,2019-12-31,0,NCCI-2026Q4
99215,92012,2020-10-01,,0,NCCI-2026Q4
99215,92012,2003-04-01,2019-12-31,0,NCCI-2026Q4
99215,92014,2020-10-01,,0,NCCI-2026Q4
99215,92014,2003-04-01,2019-12-31,0,NCCI-2026Q4
99215,99211,2020-10-01,,1,NCCI-2026Q4
99215,99211,2014-07-01,2019-12-31,1,NCCI-2026Q4
99215,99212,2020-10-01,,1,NCCI-2026Q4
99215,99212,2014-07-01,2019-12-31,1,NCCI-2026Q4
99215,99213,2020-10-01,,1,NCCI-2026Q4
99215,99213,2014-07-01,2019-12-31,1,NCCI-2026Q4
99215,99214,2020-10-01,,1,NCCI-2026Q4
99215,99214,2014-07-01,2019-12-31,1,NCCI-2026Q4
99221,92004,2020-10-01,,0,NCCI-2026Q4
99221,92004,2003-04-01,2019-12-31,0,NCCI-2026Q4
99221,92012,2020-10-01,,0,NCCI-2026Q4
99221,92012,2003-04-01,2019-12-31,0,NCCI-2026Q4
99221,92014,2020-10-01,,0,NCCI-2026Q4
99221,92014,2003-04-01,2019-12-31,0,NCCI-2026Q4
99221,96372,2020-10-01,,1,NCCI-2026Q4
99221,96372,2009-01-01,2019-12-31,1,NCCI-2026Q4
99221,96374,2020-10-01,,1,NCCI-2026Q4
99221,96374,2009-01-01,2019-12-31,1,NCCI-2026Q4
99221,99201,2020-10-01,2020-12-31,1,NCCI-2026Q4
99221,99201,2009-04-01,2019-12-31,1,NCCI-2026Q4
99221,99202,2020-10-01,,1,NCCI-2026Q4
99221,99202,2009-04-01,2019-12-31,1,NCCI-2026Q4
99221,99203,2020-10-01,,1,NCCI-2026Q4
99221,99203,2009-04-01,2019-12-31,1,NCCI-2026Q4
99221,99204,2020-10-01,,1,NCCI-2026Q4
99221,99204,2009-04-01,2019-12-31,1,NCCI-2026Q4
99221,99205,2020-10-01,,1,NCCI-2026Q4
99221,99205,2009-04-01,2019-12-31,1,NCCI-2026Q4
99221,99211,2020-10-01,,1,NCCI-2026Q4
99221,99211,2009-04-01,2019-12-31,1,NCCI-2026Q4
99221,99212,2020-10-01,,1,NCCI-2026Q4
99221,99212,2009-04-01,2019-12-31,1,NCCI-2026Q4
99221,99213,2020-10-01,,1,NCCI-2026Q4
99221,99213,2009-04-01,2019-12-31,1,NCCI-2026Q4
99221,99214,2020-10-01,,1,NCCI-2026Q4
99221,99214,2009-04-01,2019-12-31,1,NCCI-2026Q4
99221,99215,2020-10-01,,1,NCCI-2026Q4
99221,99215,2009-04-01,2019-12-31,1,NCCI-2026Q4
99221,99231,2020-10-01,,0,NCCI-2026Q4
99221,99231,2007-04-01,2019-12-31,0,NCCI-2026Q4
99221,99232,2020-10-01,,0,NCCI-2026Q4
99221,99232,2007-04-01,2019-12-31,0,NCCI-2026Q4
99221,99233,2020-10-01,,0,NCCI-2026Q4
99221,99233,2007-04-01,2019-12-31,0,NCCI-2026Q4
99221,99281,2020-10-01,,0,NCCI-2026Q4
99221,99281,2009-04-01,2019-12-31,0,NCCI-2026Q4
99221,99282,2020-10-01,,0,NCCI-2026Q4
99221,99282,2009-04-01,2019-12-31,0,NCCI-2026Q4
99221,99283,2020-10-01,,0,NCCI-2026Q4
99221,99283,2009-04-01,2019-12-31,0,NCCI-2026Q4
99221,99284,2020-10-01,,0,NCCI-2026Q4
99221,99284,2009-04-01,2019-12-31,0,NCCI-2026Q4
99221,99285,2020-10-01,,0,NCCI-2026Q4
99221,99285,2009-04-01,2019-12-31,0,NCCI-2026Q4
99222,92004,2020-10-01,,0,NCCI-2026Q4
99222,92004,2003-04-01,2019-12-31,0,NCCI-2026Q4
99222,92012,2020-10-01,,0,NCCI-2026Q4
99222,92012,2003-04-01,2019-12-31,0,NCCI-2026Q4
99222,92014,2020-10-01,,0,NCCI-2026Q4
99222,92014,2003-04-01,2019-12-31,0,NCCI-2026Q4
99222,96372,2020-10-01,,1,NCCI-2026Q4
99222,96372,2009-01-01,2019-12-31,1,NCCI-2026Q4
99222,96374,2020-10-01,,1,NCCI-2026Q4
99222,96374,2009-01-01,2019-12-31,1,NCCI-2026Q4
99222,99201,2020-10-01,2020-12-31,1,NCCI-2026Q4
99222,99201,2009-04-01,2019-12-31,1,NCCI-2026Q4
99222,99202,2020-10-01,,1,NCCI-2026Q4
99222,99202,2009-04-01,2019-12-31,1,NCCI-2026Q4
99222,99203,2020-10-01,,1,NCCI-2026Q4
99222,99203,2009-04-01,2019-12-31,1,NCCI-2026Q4
99222,99204,2020-10-01,,1,NCCI-2026Q4
99222,99204,2009-04-01,2019-12-31,1,NCCI-2026Q4
99222,99205,2020-10-01,,1,NCCI-2026Q4
99222,99205,2009-04-01,2019-12-31,1,NCCI-2026Q4
99222,99211,2020-10-01,,1,NCCI-2026Q4
99222,99211,2009-04-01,2019-12-31,1,NCCI-2026Q4
99222,99212,2020-10-01,,1,NCCI-2026Q4
99222,99212,2009-04-01,2019-12-31,1,NCCI-2026Q4
99222,99213,2020-10-01,,1,NCCI-2026Q4
99222,99213,2009-04-01,2019-12-31,1,NCCI-2026Q4
99222,99214,2020-10-01,,1,NCCI-2026Q4
99222,99214,2009-04-01,2019-12-31,1,NCCI-2026Q4
99222,99215,2020-10-01,,1,NCCI-2026Q4
99222,99215,2009-04-01,2019-12-31,1,NCCI-2026Q4
99222,99221,2020-10-01,,0,NCCI-2026Q4
99222,99221,2007-04-01,2019-12-31,0,NCCI-2026Q4
99222,99231,2020-10-01,,0,NCCI-2026Q4
99222,99231,2007-04-01,2019-12-31,0,NCCI-2026Q4
99222,99232,2020-10-01,,0,NCCI-2026Q4
99222,99232,2007-04-01,2019-12-31,0,NCCI-2026Q4
99222,99233,2020-10-01,,0,NCCI-2026Q4
99222,99233,2007-04-01,2019-12-31,0,NCCI-2026Q4
99222,99281,2020-10-01,,0,NCCI-2026Q4
99222,99281,2009-04-01,2019-12-31,0,NCCI-2026Q4
99222,99282,2020-10-01,,0,NCCI-2026Q4
99222,99282,2009-04-01,2019-12-31,0,NCCI-2026Q4
99222,99283,2020-10-01,,0,NCCI-2026Q4
99222,99283,2009-04-01,2019-12-31,0,NCCI-2026Q4
99222,99284,2020-10-01,,0,NCCI-2026Q4
99222,99284,2009-04-01,2019-12-31,0,NCCI-2026Q4
99222,99285,2020-10-01,,0,NCCI-2026Q4
99222,99285,2009-04-01,2019-12-31,0,NCCI-2026Q4
99223,92004,2020-10-01,,0,NCCI-2026Q4
99223,92004,2003-04-01,2019-12-31,0,NCCI-2026Q4
99223,92012,2020-10-01,,0,NCCI-2026Q4
99223,92012,2003-04-01,2019-12-31,0,NCCI-2026Q4
99223,92014,2020-10-01,,0,NCCI-2026Q4
99223,92014,2003-04-01,2019-12-31,0,NCCI-2026Q4
99223,96372,2020-10-01,,1,NCCI-2026Q4
99223,96372,2009-01-01,2019-12-31,1,NCCI-2026Q4
99223,96374,2020-10-01,,1,NCCI-2026Q4
99223,96374,2009-01-01,2019-12-31,1,NCCI-2026Q4
99223,99201,2020-10-01,2020-12-31,1,NCCI-2026Q4
99223,99201,2009-04-01,2019-12-31,1,NCCI-2026Q4
99223,99202,2020-10-01,,1,NCCI-2026Q4
99223,99202,2009-04-01,2019-12-31,1,NCCI-2026Q4
99223,99203,2020-10-01,,1,NCCI-2026Q4
99223,99203,2009-04-01,2019-12-31,1,NCCI-2026Q4
99223,99204,2020-10-01,,1,NCCI-2026Q4
99223,99204,2009-04-01,2019-12-31,1,NCCI-2026Q4
99223,99205,2020-10-01,,1,NCCI-2026Q4
99223,99205,2009-04-01,2019-12-31,1,NCCI-2026Q4
99223,99211,2020-10-01,,1,NCCI-2026Q4
99223,99211,2009-04-01,2019-12-31,1,NCCI-2026Q4
99223,99212,2020-10-01,,1,NCCI-2026Q4
99223,99212,2009-04-01,2019-12-31,1,NCCI-2026Q4
99223,99213,2020-10-01,,1,NCCI-2026Q4
99223,99213,2009-04-01,2019-12-31,1,NCCI-2026Q4
99223,99214,2020-10-01,,1,NCCI-2026Q4
99223,99214,2009-04-01,2019-12-31,1,NCCI-2026Q4
99223,99215,2020-10-01,,1,NCCI-2026Q4
99223,99215,2009-04-01,2019-12-31,1,NCCI-2026Q4
99223,99221,2020-10-01,,0,NCCI-2026Q4
99223,99221,2007-04-01,2019-12-31,0,NCCI-2026Q4
99223,99222,2020-10-01,,0,NCCI-2026Q4
99223,99222,2007-04-01,2019-12-31,0,NCCI-2026Q4
99223,99231,2020-10-01,,0,NCCI-2026Q4
99223,99231,2007-04-01,2019-12-31,0,NCCI-2026Q4
99223,99232,2020-10-01,,0,NCCI-2026Q4
99223,99232,2007-04-01,2019-12-31,0,NCCI-2026Q4
99223,99233,2020-10-01,,0,NCCI-2026Q4
99223,99233,2007-04-01,2019-12-31,0,NCCI-2026Q4
99223,99281,2020-10-01,,0,NCCI-2026Q4
99223,99281,2009-04-01,2019-12-31,0,NCCI-2026Q4
99223,99282,2020-10-01,,0,NCCI-2026Q4
99223,99282,2009-04-01,2019-12-31,0,NCCI-2026Q4
99223,99283,2020-10-01,,0,NCCI-2026Q4
99223,99283,2009-04-01,2019-12-31,0,NCCI-2026Q4
99223,99284,2020-10-01,,0,NCCI-2026Q4
99223,99284,2009-04-01,2019-12-31,0,NCCI-2026Q4
99223,99285,2020-10-01,,0,NCCI-2026Q4
99223,99285,2009-04-01,2019-12-31,0,NCCI-2026Q4
99231,92004,2020-10-01,,0,NCCI-2026Q4
99231,92004,2003-04-01,2019-12-31,0,NCCI-2026Q4
99231,92012,2020-10-01,,0,NCCI-2026Q4
99231,92012,2003-04-01,2019-12-31,0,NCCI-2026Q4
99231,92014,2020-10-01,,0,NCCI-2026Q4
99231,92014,2003-04-01,2019-12-31,0,NCCI-2026Q4
99231,96372,2020-10-01,,0,NCCI-2026Q4
99231,96372,2009-01-01,2019-12-31,0,NCCI-2026Q4
99231,96374,2020-10-01,,0,NCCI-2026Q4
99231,96374,2009-01-01,2019-12-31,0,NCCI-2026Q4
99231,99281,2020-10-01,,0,NCCI-2026Q4
99231,99281,2016-01-01,2019-12-31,0,NCCI-2026Q4
99231,99282,2020-10-01,,0,NCCI-2026Q4
99231,99282,2016-01-01,2019-12-31,0,NCCI-2026Q4
99231,99283,2020-10-01,,0,NCCI-2026Q4
99231,99283,2016-01-01,2019-12-31,0,NCCI-2026Q4
99231,99284,2020-10-01,,0,NCCI-2026Q4
99231,99284,2016-01-01,2019-12-31,0,NCCI-2026Q4
99231,99285,2020-10-01,,0,NCCI-2026Q4
99231,99285,2016-01-01,2019-12-31,0,NCCI-2026Q4
99232,92004,2020-10-01,,0,NCCI-2026Q4
99232,92004,2003-04-01,2019-12-31,0,NCCI-2026Q4
99232,92012,2020-10-01,,0,NCCI-2026Q4
99232,92012,2003-04-01,2019-12-31,0,NCCI-2026Q4
99232,92014,2020-10-01,,0,NCCI-2026Q4
99232,92014,2003-04-01,2019-12-31,0,NCCI-2026Q4
99232,96372,2020-10-01,,0,NCCI-2026Q4
99232,96372,2009-01-01,2019-12-31,0,NCCI-2026Q4
99232,96374,2020-10-01,,0,NCCI-2026Q4
99232,96374,2009-01-01,2019-12-31,0,NCCI-2026Q4
99232,99231,2020-10-01,,0,NCCI-2026Q4
99232,99231,2007-04-01,2019-12-31,0,NCCI-2026Q4
99232,99281,2020-10-01,,0,NCCI-2026Q4
99232,99281,2016-01-01,2019-12-31,0,NCCI-2026Q4
99232,99282,2020-10-01,,0,NCCI-2026Q4
99232,99282,2016-01-01,2019-12-31,0,NCCI-2026Q4
99232,99283,2020-10-01,,0,NCCI-2026Q4
99232,99283,2016-01-01,2019-12-31,0,NCCI-2026Q4
99232,99284,2020-10-01,,0,NCCI-2026Q4
99232,99284,2016-01-01,2019-12-31,0,NCCI-2026Q4
99232,99285,2020-10-01,,0,NCCI-2026Q4
99232,99285,2016-01-01,2019-12-31,0,NCCI-2026Q4
99233,92004,2020-10-01,,0,NCCI-2026Q4
99233,92004,2003-04-01,2019-12-31,0,NCCI-2026Q4
99233,92012,2020-10-01,,0,NCCI-2026Q4
99233,92012,2003-04-01,2019-12-31,0,NCCI-2026Q4
99233,92014,2020-10-01,,0,NCCI-2026Q4
99233,92014,2003-04-01,2019-12-31,0,NCCI-2026Q4
99233,96372,2020-10-01,,0,NCCI-2026Q4
99233,96372,2009-01-01,2019-12-31,0,NCCI-2026Q4
99233,96374,2020-10-01,,0,NCCI-2026Q4
99233,96374,2009-01-01,2019-12-31,0,NCCI-2026Q4
99233,99231,2020-10-01,,0,NCCI-2026Q4
99233,99231,2007-04-01,2019-12-31,0,NCCI-2026Q4
99233,99232,2020-10-01,,0,NCCI-2026Q4
99233,99232,2007-04-01,2019-12-31,0,NCCI-2026Q4
99233,99281,2020-10-01,,0,NCCI-2026Q4
99233,99281,2016-01-01,2019-12-31,0,NCCI-2026Q4
99233,99282,2020-10-01,,0,NCCI-2026Q4
99233,99282,2016-01-01,2019-12-31,0,NCCI-2026Q4
99233,99283,2020-10-01,,0,NCCI-2026Q4
99233,99283,2016-01-01,2019-12-31,0,NCCI-2026Q4
99233,99284,2020-10-01,,0,NCCI-2026Q4
99233,99284,2016-01-01,2019-12-31,0,NCCI-2026Q4
99233,99285,2020-10-01,,0,NCCI-2026Q4
99233,99285,2016-01-01,2019-12-31,0,NCCI-2026Q4
99281,92004,2020-10-01,,0,NCCI-2026Q4
99281,92004,2003-04-01,2019-12-31,0,NCCI-2026Q4
99281,92012,2020-10-01,,0,NCCI-2026Q4
99281,92012,2003-04-01,2019-12-31,0,NCCI-2026Q4
99281,92014,2020-10-01,,0,NCCI-2026Q4
99281,92014,2003-04-01,2019-12-31,0,NCCI-2026Q4
99281,96372,2020-10-01,,1,NCCI-2026Q4
99281,96372,2009-01-01,2019-12-31,1,NCCI-2026Q4
99281,96374,2020-10-01,,1,NCCI-2026Q4
99281,96374,2009-01-01,2019-12-31,1,NCCI-2026Q4
99281,97161,2020-10-01,2020-10-01,9,NCCI-2026Q4
99281,97161,2020-01-01,2020-01-01,9,NCCI-2026Q4
99281,97162,2020-10-01,2020-10-01,9,NCCI-2026Q4
99281,97162,2020-01-01,2020-01-01,9,NCCI-2026Q4
99281,97163,2020-10-01,2020-10-01,9,NCCI-2026Q4
99281,97163,2020-01-01,2020-01-01,9,NCCI-2026Q4
99282,92004,2020-10-01,,0,NCCI-2026Q4
99282,92004,2003-04-01,2019-12-31,0,NCCI-2026Q4
99282,92012,2020-10-01,,0,NCCI-2026Q4
99282,92012,2003-04-01,2019-12-31,0,NCCI-2026Q4
99282,92014,2020-10-01,,0,NCCI-2026Q4
99282,92014,2003-04-01,2019-12-31,0,NCCI-2026Q4
99282,96372,2020-10-01,,1,NCCI-2026Q4
99282,96372,2009-01-01,2019-12-31,1,NCCI-2026Q4
99282,96374,2020-10-01,,1,NCCI-2026Q4
99282,96374,2009-01-01,2019-12-31,1,NCCI-2026Q4
99282,97161,2020-10-01,2020-10-01,9,NCCI-2026Q4
99282,97161,2020-01-01,2020-01-01,9,NCCI-2026Q4
99282,97162,2020-10-01,2020-10-01,9,NCCI-2026Q4
99282,97162,2020-01-01,2020-01-01,9,NCCI-2026Q4
99282,97163,2020-10-01,2020-10-01,9,NCCI-2026Q4
99282,97163,2020-01-01,2020-01-01,9,NCCI-2026Q4
99282,99281,2020-10-01,,1,NCCI-2026Q4
99282,99281,2014-07-01,2019-12-31,1,NCCI-2026Q4
99283,92004,2020-10-01,,0,NCCI-2026Q4
99283,92004,2003-04-01,2019-12-31,0,NCCI-2026Q4
99283,92012,2020-10-01,,0,NCCI-2026Q4
99283,92012,2003-04-01,2019-12-31,0,NCCI-2026Q4
99283,92014,2020-10-01,,0,NCCI-2026Q4
99283,92014,2003-04-01,2019-12-31,0,NCCI-2026Q4
99283,96372,2020-10-01,,1,NCCI-2026Q4
99283,96372,2009-01-01,2019-12-31,1,NCCI-2026Q4
99283,96374,2020-10-01,,1,NCCI-2026Q4
99283,96374,2009-01-01,2019-12-31,1,NCCI-2026Q4
99283,97161,2020-10-01,2020-10-01,9,NCCI-2026Q4
99283,97161,2020-01-01,2020-01-01,9,NCCI-2026Q4
99283,97162,2020-10-01,2020-10-01,9,NCCI-2026Q4
99283,97162,2020-01-01,2020-01-01,9,NCCI-2026Q4
99283,97163,2020-10-01,2020-10-01,9,NCCI-2026Q4
99283,97163,2020-01-01,2020-01-01,9,NCCI-2026Q4
99283,99281,2020-10-01,,1,NCCI-2026Q4
99283,99281,2014-07-01,2019-12-31,1,NCCI-2026Q4
99283,99282,2020-10-01,,1,NCCI-2026Q4
99283,99282,2014-07-01,2019-12-31,1,NCCI-2026Q4
99284,92004,2020-10-01,,0,NCCI-2026Q4
99284,92004,2003-04-01,2019-12-31,0,NCCI-2026Q4
99284,92012,2020-10-01,,0,NCCI-2026Q4
99284,92012,2003-04-01,2019-12-31,0,NCCI-2026Q4
99284,92014,2020-10-01,,0,NCCI-2026Q4
99284,92014,2003-04-01,2019-12-31,0,NCCI-2026Q4
99284,96372,2020-10-01,,1,NCCI-2026Q4
99284,96372,2009-01-01,2019-12-31,1,NCCI-2026Q4
99284,96374,2020-10-01,,1,NCCI-2026Q4
99284,96374,2009-01-01,2019-12-31,1,NCCI-2026Q4
99284,97161,2020-10-01,2020-10-01,9,NCCI-2026Q4
99284,97161,2020-01-01,2020-01-01,9,NCCI-2026Q4
99284,97162,2020-10-01,2020-10-01,9,NCCI-2026Q4
99284,97162,2020-01-01,2020-01-01,9,NCCI-2026Q4
99284,97163,2020-10-01,2020-10-01,9,NCCI-2026Q4
99284,97163,2020-01-01,2020-01-01,9,NCCI-2026Q4
99284,99281,2020-10-01,,1,NCCI-2026Q4
99284,99281,2014-07-01,2019-12-31,1,NCCI-2026Q4
99284,99282,2020-10-01,,1,NCCI-2026Q4
99284,99282,2014-07-01,2019-12-31,1,NCCI-2026Q4
99284,99283,2020-10-01,,1,NCCI-2026Q4
99284,99283,2014-07-01,2019-12-31,1,NCCI-2026Q4
99285,92004,2020-10-01,,0,NCCI-2026Q4
99285,92004,2003-04-01,2019-12-31,0,NCCI-2026Q4
99285,92012,2020-10-01,,0,NCCI-2026Q4
99285,92012,2003-04-01,2019-12-31,0,NCCI-2026Q4
99285,92014,2020-10-01,,0,NCCI-2026Q4
99285,92014,2003-04-01,2019-12-31,0,NCCI-2026Q4
99285,96372,2020-10-01,,1,NCCI-2026Q4
99285,96372,2009-01-01,2019-12-31,1,NCCI-2026Q4
99285,96374,2020-10-01,,1,NCCI-2026Q4
99285,96374,2009-01-01,2019-12-31,1,NCCI-2026Q4
99285,97161,2020-10-01,2020-10-01,9,NCCI-2026Q4
99285,97161,2020-01-01,2020-01-01,9,NCCI-2026Q4
99285,97162,2020-10-01,2020-10-01,9,NCCI-2026Q4
99285,97162,2020-01-01,2020-01-01,9,NCCI-2026Q4
99285,97163,2020-10-01,2020-10-01,9,NCCI-2026Q4
99285,97163,2020-01-01,2020-01-01,9,NCCI-2026Q4
99285,99281,2020-10-01,,1,NCCI-2026Q4
99285,99281,2014-07-01,2019-12-31,1,NCCI-2026Q4
99285,99282,2020-10-01,,1,NCCI-2026Q4
99285,99282,2014-07-01,2019-12-31,1,NCCI-2026Q4
99285,99283,2020-10-01,,1,NCCI-2026Q4
99285,99283,2014-07-01,2019-12-31,1,NCCI-2026Q4
99285,99284,2020-10-01,,1,NCCI-2026Q4
99285,99284,2014-07-01,2019-12-31,1,NCCI-2026Q4
G0008,90471,2002-04-01,2005-03-31,1,NCCI-2026Q4
G0008,90471,1999-01-01,2000-12-31,0,NCCI-2026Q4
G0008,90472,1999-01-01,2000-12-31,0,NCCI-2026Q4
G0008,99201,2000-10-30,2000-10-30,9,NCCI-2026Q4
G0008,99202,2000-10-30,2000-10-30,9,NCCI-2026Q4
G0008,99203,2000-10-30,2000-10-30,9,NCCI-2026Q4
G0008,99204,2000-10-30,2000-10-30,9,NCCI-2026Q4
G0008,99205,2000-10-30,2000-10-30,9,NCCI-2026Q4
G0008,99211,2021-10-01,,1,NCCI-2026Q4
G0008,99211,2020-10-01,2021-09-30,0,NCCI-2026Q4
G0008,99211,2006-01-01,2019-12-31,0,NCCI-2026Q4
G0008,99211,2000-10-30,2000-10-30,9,NCCI-2026Q4
G0008,99212,2000-10-30,2000-10-30,9,NCCI-2026Q4
G0008,99213,2000-10-30,2000-10-30,9,NCCI-2026Q4
G0008,99214,2000-10-30,2000-10-30,9,NCCI-2026Q4
G0008,99215,2000-10-30,2000-10-30,9,NCCI-2026Q4
G0008,99221,2000-10-30,2000-10-30,9,NCCI-2026Q4
G0008,99222,2000-10-30,2000-10-30,9,NCCI-2026Q4
G0008,99223,2000-10-30,2000-10-30,9,NCCI-2026Q4
G0008,99231,2000-10-30,2000-10-30,9,NCCI-2026Q4
G0008,99232,2000-10-30,2000-10-30,9,NCCI-2026Q4
G0008,99233,2000-10-30,2000-10-30,9,NCCI-2026Q4
